,url,title,date,administrator
0,https://www.dongguk.edu/article/GENERALNOTICES/detail/26753258,공지2023학년도 행정부서 동계방학 셧다운 및 집중휴가 안내,2023.12.06.,허선이
1,https://www.dongguk.edu/article/GENERALNOTICES/detail/26753257,공지동국대학교 듀이카 아르바이트 학생 모집,2023.12.06.,홍태균
2,https://www.dongguk.edu/article/GENERALNOTICES/detail/26753253,"공지[DUICA]챗GPT프롬프트 엔지니어 특강 신청 안내(~12/15, 선착순 접수 마감)",2023.12.05.,황지현
3,https://www.dongguk.edu/article/GENERALNOTICES/detail/26753241,공지[5대 핵심역량 함양 프로그램] 워킹홀리데이 A to Z,2023.12.04.,이보리
4,https://www.dongguk.edu/article/GENERALNOTICES/detail/26753231,"공지[카운슬링센터] 온라인 심리검사 프로그램 참여 안내 : '나의 대학생활과 학습습관, 어떨까?'",2023.12.04.,이시은
5,https://www.dongguk.edu/article/GENERALNOTICES/detail/26753221,"공지[교수학습혁신센터] 인공지능(AI) 리터러시 워크숍 (총 5개 주제, 주제별 마일리지 지급)",2023.12.01.,나윤주
6,https://www.dongguk.edu/article/GENERALNOTICES/detail/26753258,2023학년도 행정부서 동계방학 셧다운 및 집중휴가 안내,2023.12.06.,허선이
7,https://www.dongguk.edu/article/GENERALNOTICES/detail/26753257,동국대학교 듀이카 아르바이트 학생 모집,2023.12.06.,홍태균
8,https://www.dongguk.edu/article/GENERALNOTICES/detail/26753253,"[DUICA]챗GPT프롬프트 엔지니어 특강 신청 안내(~12/15, 선착순 접수 마감)",2023.12.05.,황지현
9,https://www.dongguk.edu/article/GENERALNOTICES/detail/26753247,[취업] (주)디섹 인재 특별 채용,2023.12.05.,박상준
10,https://www.dongguk.edu/article/GENERALNOTICES/detail/26753241,[5대 핵심역량 함양 프로그램] 워킹홀리데이 A to Z,2023.12.04.,이보리
11,https://www.dongguk.edu/article/GENERALNOTICES/detail/26753231,"[카운슬링센터] 온라인 심리검사 프로그램 참여 안내 : '나의 대학생활과 학습습관, 어떨까?'",2023.12.04.,이시은
12,https://www.dongguk.edu/article/GENERALNOTICES/detail/26753227,[빅데이터 혁신융합대학사업]2023년도 동계 기업-학생 제안 비교과 프로그램 수강신청 안내,2023.12.01.,지현종
13,https://www.dongguk.edu/article/GENERALNOTICES/detail/26753221,"[교수학습혁신센터] 인공지능(AI) 리터러시 워크숍 (총 5개 주제, 주제별 마일리지 지급)",2023.12.01.,나윤주
14,https://www.dongguk.edu/article/GENERALNOTICES/detail/26753219,[중앙도서관] 석·박사 학위논문 제출 교육 실시(2024년 2월 졸업자 대상),2023.12.01.,송한나
15,https://www.dongguk.edu/article/GENERALNOTICES/detail/26753199,2023학년도 교육수요자 만족도 조사 시행 안내,2023.11.30.,한혜리
16,https://www.dongguk.edu/article/GENERALNOTICES/detail/26753258,공지2023학년도 행정부서 동계방학 셧다운 및 집중휴가 안내,2023.12.06.,허선이
17,https://www.dongguk.edu/article/GENERALNOTICES/detail/26753257,공지동국대학교 듀이카 아르바이트 학생 모집,2023.12.06.,홍태균
18,https://www.dongguk.edu/article/GENERALNOTICES/detail/26753253,"공지[DUICA]챗GPT프롬프트 엔지니어 특강 신청 안내(~12/15, 선착순 접수 마감)",2023.12.05.,황지현
19,https://www.dongguk.edu/article/GENERALNOTICES/detail/26753241,공지[5대 핵심역량 함양 프로그램] 워킹홀리데이 A to Z,2023.12.04.,이보리
20,https://www.dongguk.edu/article/GENERALNOTICES/detail/26753231,"공지[카운슬링센터] 온라인 심리검사 프로그램 참여 안내 : '나의 대학생활과 학습습관, 어떨까?'",2023.12.04.,이시은
21,https://www.dongguk.edu/article/GENERALNOTICES/detail/26753221,"공지[교수학습혁신센터] 인공지능(AI) 리터러시 워크숍 (총 5개 주제, 주제별 마일리지 지급)",2023.12.01.,나윤주
22,https://www.dongguk.edu/article/GENERALNOTICES/detail/26753194,"[정보처] Office 365 스토리지 (OneDrive, Exchange, SharePoint) 용량 제한 안내",2023.11.29.,정종현
23,https://www.dongguk.edu/article/GENERALNOTICES/detail/26753192,[K학술확산연구소] K-MOOC 한국불교 강좌 수강생 모집,2023.11.29.,박종향
24,https://www.dongguk.edu/article/GENERALNOTICES/detail/26753179,[교수학습혁신센터] 창의문제해결 프로젝트 우수 활동팀 선정 결과 발표,2023.11.29.,나윤주
25,https://www.dongguk.edu/article/GENERALNOTICES/detail/26753174,[교수학습혁신센터] 에듀윌과 함께하는 AI 토익학습 프로그램 참여자 모집,2023.11.28.,나윤주
26,https://www.dongguk.edu/article/GENERALNOTICES/detail/26753172,"[DUICA]챗GPT프롬프트 엔지니어 특강 신청 안내(~12/15, 선착순 접수 마감)",2023.11.28.,황지현
27,https://www.dongguk.edu/article/GENERALNOTICES/detail/26753168,"[카운슬링센터] 온라인 심리검사 프로그램 참여 안내 : '나의 대학생활과 학습습관, 어떨까?'",2023.11.28.,이시은
28,https://www.dongguk.edu/article/GENERALNOTICES/detail/26753167,2023년 드림패스 마일리지 경진대회 시행  (재공지-내용추가),2023.11.28.,신영은
29,https://www.dongguk.edu/article/GENERALNOTICES/detail/26753163,[불교학술원 종학연구소]  「상월결사와 한국불교의 전법교화」 특별학술대회 개최 연기 안내,2023.11.27.,엄기범
30,https://www.dongguk.edu/article/GENERALNOTICES/detail/26753162,[교수학습혁신센터] 동국 튜터링 우수활동 튜티 선발 안내,2023.11.27.,나윤주
31,https://www.dongguk.edu/article/GENERALNOTICES/detail/26753138,2024학년도 동국대학교 학생회 선거 안내,2023.11.23.,신병수
32,https://www.dongguk.edu/article/GENERALNOTICES/detail/26753258,공지2023학년도 행정부서 동계방학 셧다운 및 집중휴가 안내,2023.12.06.,허선이
33,https://www.dongguk.edu/article/GENERALNOTICES/detail/26753257,공지동국대학교 듀이카 아르바이트 학생 모집,2023.12.06.,홍태균
34,https://www.dongguk.edu/article/GENERALNOTICES/detail/26753253,"공지[DUICA]챗GPT프롬프트 엔지니어 특강 신청 안내(~12/15, 선착순 접수 마감)",2023.12.05.,황지현
35,https://www.dongguk.edu/article/GENERALNOTICES/detail/26753241,공지[5대 핵심역량 함양 프로그램] 워킹홀리데이 A to Z,2023.12.04.,이보리
36,https://www.dongguk.edu/article/GENERALNOTICES/detail/26753231,"공지[카운슬링센터] 온라인 심리검사 프로그램 참여 안내 : '나의 대학생활과 학습습관, 어떨까?'",2023.12.04.,이시은
37,https://www.dongguk.edu/article/GENERALNOTICES/detail/26753221,"공지[교수학습혁신센터] 인공지능(AI) 리터러시 워크숍 (총 5개 주제, 주제별 마일리지 지급)",2023.12.01.,나윤주
38,https://www.dongguk.edu/article/GENERALNOTICES/detail/26753131,제1회 총동창회장배 동국인 한마음 페스티벌 사진 이벤트 결과 안내,2023.11.23.,신병수
39,https://www.dongguk.edu/article/GENERALNOTICES/detail/26753130,[5대 핵심역량 함양 프로그램] 파타고니아의 지구를 되살리기 위한 길,2023.11.23.,이보리
40,https://www.dongguk.edu/article/GENERALNOTICES/detail/26753128,2024학년도 일반대학원 총학생회 선거 안내,2023.11.23.,신병수
41,https://www.dongguk.edu/article/GENERALNOTICES/detail/26753121,심팩(SIMPAC) 최진식 고시장학금 신청 안내,2023.11.23.,신명효
42,https://www.dongguk.edu/article/GENERALNOTICES/detail/26753106,[대학혁신지원사업] 참여학생 대학혁신 사례영상 경진대회 개최 안내,2023.11.21.,이주현
43,https://www.dongguk.edu/article/GENERALNOTICES/detail/26753101,[5대 핵심역량 함양 프로그램] 4차 산업시대와 버추얼 휴먼의 잠재력,2023.11.21.,이보리
44,https://www.dongguk.edu/article/GENERALNOTICES/detail/26753098,[11/30(목) 14:00] 제7회 동국미래교육포럼 개최 안내,2023.11.21.,송민정
45,https://www.dongguk.edu/article/GENERALNOTICES/detail/26753061,"[카운슬링센터] 온라인 심리검사 프로그램 참여 안내 : '나의 대학생활과 학습습관, 어떨까?'",2023.11.20.,이시은
46,https://www.dongguk.edu/article/GENERALNOTICES/detail/26753054,[LINC3.0]'부산 기장지역 관광활성화 아이디어톤' 참여학생 모집 (마감),2023.11.17.,최해인
47,https://www.dongguk.edu/article/GENERALNOTICES/detail/26753050,"<DUICA>챗GPT프롬프트 엔지니어(오피스,코딩,웹툰제작) 동계방학 특강 신청 안내(~12/15, 선착순 접수 마감)",2023.11.17.,조성근
48,https://www.dongguk.edu/article/GENERALNOTICES/detail/26753258,공지2023학년도 행정부서 동계방학 셧다운 및 집중휴가 안내,2023.12.06.,허선이
49,https://www.dongguk.edu/article/GENERALNOTICES/detail/26753257,공지동국대학교 듀이카 아르바이트 학생 모집,2023.12.06.,홍태균
50,https://www.dongguk.edu/article/GENERALNOTICES/detail/26753253,"공지[DUICA]챗GPT프롬프트 엔지니어 특강 신청 안내(~12/15, 선착순 접수 마감)",2023.12.05.,황지현
51,https://www.dongguk.edu/article/GENERALNOTICES/detail/26753241,공지[5대 핵심역량 함양 프로그램] 워킹홀리데이 A to Z,2023.12.04.,이보리
52,https://www.dongguk.edu/article/GENERALNOTICES/detail/26753231,"공지[카운슬링센터] 온라인 심리검사 프로그램 참여 안내 : '나의 대학생활과 학습습관, 어떨까?'",2023.12.04.,이시은
53,https://www.dongguk.edu/article/GENERALNOTICES/detail/26753221,"공지[교수학습혁신센터] 인공지능(AI) 리터러시 워크숍 (총 5개 주제, 주제별 마일리지 지급)",2023.12.01.,나윤주
54,https://www.dongguk.edu/article/GENERALNOTICES/detail/26753043,[학생역량개발팀] 서울시 시민안전파수꾼 심폐소생술(CPR) 교육,2023.11.16.,이보리
55,https://www.dongguk.edu/article/GENERALNOTICES/detail/26753037,"[교수학습혁신센터] 학습역량 강화 워크숍 Ⅰ (총 17개 주제, 주제별 마일리지 지급)",2023.11.15.,나윤주
56,https://www.dongguk.edu/article/GENERALNOTICES/detail/26753036,[창업진흥센터-스타트업 캠프] 2023 동국대학교 스타트업 스프링 보드 참가자 모집,2023.11.15.,신동순
57,https://www.dongguk.edu/article/GENERALNOTICES/detail/26753028,[교수학습혁신센터] 2023 학습 콘텐츠 공모전 결과 발표,2023.11.15.,나윤주
58,https://www.dongguk.edu/article/GENERALNOTICES/detail/26753024,[참사람사회공헌센터] 한국장학재단 제28기 동계 대학생 재능봉사캠프 모집 안내,2023.11.14.,김다빈
59,https://www.dongguk.edu/article/GENERALNOTICES/detail/26753023,[정보처] 아동·청소년 디지털 잊힐 권리 지원 서비스(지우개서비스) 안내,2023.11.14.,정종현
60,https://www.dongguk.edu/article/GENERALNOTICES/detail/26753006,[창업진흥센터- XR Academy] XR장비를 활용한 시제품 제작 과정 기초 교육 프로그램 참가자 모집,2023.11.14.,신동순
61,https://www.dongguk.edu/article/GENERALNOTICES/detail/26752996,[빅데이터 혁신융합대학사업]2023년도 동계 기업-학생 제안 비교과 프로그램 교과목 선정 수요조사 안내,2023.11.13.,지현종
62,https://www.dongguk.edu/article/GENERALNOTICES/detail/26752994,[5대 핵심역량 함양 프로그램] Tiara 쌤의 미드 '모던패밀리'로 배우는 영어회화,2023.11.13.,이보리
63,https://www.dongguk.edu/article/GENERALNOTICES/detail/26752983,다르마칼리지 - 다르마교양교육연구소 제8회 정기학술대회 안내,2023.11.10.,남진숙
64,https://www.dongguk.edu/article/GENERALNOTICES/detail/26753258,공지2023학년도 행정부서 동계방학 셧다운 및 집중휴가 안내,2023.12.06.,허선이
65,https://www.dongguk.edu/article/GENERALNOTICES/detail/26753257,공지동국대학교 듀이카 아르바이트 학생 모집,2023.12.06.,홍태균
66,https://www.dongguk.edu/article/GENERALNOTICES/detail/26753253,"공지[DUICA]챗GPT프롬프트 엔지니어 특강 신청 안내(~12/15, 선착순 접수 마감)",2023.12.05.,황지현
67,https://www.dongguk.edu/article/GENERALNOTICES/detail/26753241,공지[5대 핵심역량 함양 프로그램] 워킹홀리데이 A to Z,2023.12.04.,이보리
68,https://www.dongguk.edu/article/GENERALNOTICES/detail/26753231,"공지[카운슬링센터] 온라인 심리검사 프로그램 참여 안내 : '나의 대학생활과 학습습관, 어떨까?'",2023.12.04.,이시은
69,https://www.dongguk.edu/article/GENERALNOTICES/detail/26753221,"공지[교수학습혁신센터] 인공지능(AI) 리터러시 워크숍 (총 5개 주제, 주제별 마일리지 지급)",2023.12.01.,나윤주
70,https://www.dongguk.edu/article/GENERALNOTICES/detail/26752982,2023 Dongguk 산학협력 페스티벌 개최 안내(11/14~11/16),2023.11.10.,변예림
71,https://www.dongguk.edu/article/GENERALNOTICES/detail/26752977,[T-Table] 글로벌벤처네트워크(GVN) '기술 사업화 전략' 특강 안내,2023.11.10.,최정문
72,https://www.dongguk.edu/article/GENERALNOTICES/detail/26752976,[LINC3.0] AI&미디어 콘텐츠 인사이트 특강 안내 (11. 15. ~ 11. 16.),2023.11.10.,최정문
73,https://www.dongguk.edu/article/GENERALNOTICES/detail/26752975,[모두의연구소] 오름캠프 JS풀스택 과정 및 Flutter 모바일앱 과정에 참여하자,2023.11.10.,변예림
74,https://www.dongguk.edu/article/GENERALNOTICES/detail/26752971,[5대 핵심역량 함양 프로그램] 국립국제교육원 해외파견교사로 남태평양 피지에서 살아보기,2023.11.10.,이보리
75,https://www.dongguk.edu/article/GENERALNOTICES/detail/26752970,"2023 동국 창업 위크 ""명사특강"" 결강사유서(유고결석) 및 드림패스 점수 부여 안내 (장관 특강 시간 변경!!)",2023.11.09.,민관석
76,https://www.dongguk.edu/article/GENERALNOTICES/detail/26752961,[정보처] Oracle VirtualBox Extension Pack 불법 다운로드 및 설치 주의 안내,2023.11.09.,정종현
77,https://www.dongguk.edu/article/GENERALNOTICES/detail/26752950,[제1회 동국 · 판타지오 드라마 극본 공모전] 모집 공고 (수정 공고문),2023.11.08.,박지회
78,https://www.dongguk.edu/article/GENERALNOTICES/detail/26752932,국제학생증 ISIC 발급비 지원행사 안내(국제학생증 무료 발급),2023.11.07.,임가영
79,https://www.dongguk.edu/article/GENERALNOTICES/detail/26752928,[참사람사회공헌센터] 2023 겨울학기 사회봉사교과목 수강신청 안내,2023.11.06.,김다빈
80,https://www.dongguk.edu/article/GENERALNOTICES/detail/26753258,공지2023학년도 행정부서 동계방학 셧다운 및 집중휴가 안내,2023.12.06.,허선이
81,https://www.dongguk.edu/article/GENERALNOTICES/detail/26753257,공지동국대학교 듀이카 아르바이트 학생 모집,2023.12.06.,홍태균
82,https://www.dongguk.edu/article/GENERALNOTICES/detail/26753253,"공지[DUICA]챗GPT프롬프트 엔지니어 특강 신청 안내(~12/15, 선착순 접수 마감)",2023.12.05.,황지현
83,https://www.dongguk.edu/article/GENERALNOTICES/detail/26753241,공지[5대 핵심역량 함양 프로그램] 워킹홀리데이 A to Z,2023.12.04.,이보리
84,https://www.dongguk.edu/article/GENERALNOTICES/detail/26753231,"공지[카운슬링센터] 온라인 심리검사 프로그램 참여 안내 : '나의 대학생활과 학습습관, 어떨까?'",2023.12.04.,이시은
85,https://www.dongguk.edu/article/GENERALNOTICES/detail/26753221,"공지[교수학습혁신센터] 인공지능(AI) 리터러시 워크숍 (총 5개 주제, 주제별 마일리지 지급)",2023.12.01.,나윤주
86,https://www.dongguk.edu/article/GENERALNOTICES/detail/26752924,법학과 홍선기교수님 조교 모집,2023.11.06.,김도연
87,https://www.dongguk.edu/article/GENERALNOTICES/detail/26752921,2023 산학협력 EXPO 현장방문 이벤트 및 온라인 전시 (11. 8. ~ 11. 10.),2023.11.06.,김서후
88,https://www.dongguk.edu/article/GENERALNOTICES/detail/26752920,2023 산학협력 EXPO 사전등록 이벤트,2023.11.06.,김서후
89,https://www.dongguk.edu/article/GENERALNOTICES/detail/26752879,[참사람사회공헌센터] 2023년 동계 베트남 해외봉사 단원 및 WFK 45기 봉사단 합격자 공지,2023.11.02.,조재휘
90,https://www.dongguk.edu/article/GENERALNOTICES/detail/26752878,[만해마을캠퍼스교육원] 동국대학교 만해마을 이용안내 (홍보),2023.11.02.,장차민
91,https://www.dongguk.edu/article/GENERALNOTICES/detail/26752874,제1회 총동창회장배 동국인 한마음 페스티벌 사진 이벤트 안내,2023.11.02.,신병수
92,https://www.dongguk.edu/article/GENERALNOTICES/detail/26752872,"[교수학습혁신센터] 2023-2학기 교,직원 대상 교육매체 워크숍 신청 안내(11월)",2023.11.02.,문정윤
93,https://www.dongguk.edu/article/GENERALNOTICES/detail/26752867,"[창업교육센터] 11/16(목) ‘또 다른 진로, 창업가의 길‘ 몽세누 박준범 대표 특강",2023.11.01.,공효은
94,https://www.dongguk.edu/article/GENERALNOTICES/detail/26752830,[참사람사회공헌센터] 2023 가을학기 사회봉사교과목 평가회 안내,2023.11.01.,김다빈
95,https://www.dongguk.edu/article/GENERALNOTICES/detail/26752813,2023년 Dream PATH 마일리지 경진대회 시행,2023.10.31.,신영은
96,https://www.dongguk.edu/article/GENERALNOTICES/detail/26753258,공지2023학년도 행정부서 동계방학 셧다운 및 집중휴가 안내,2023.12.06.,허선이
97,https://www.dongguk.edu/article/GENERALNOTICES/detail/26753257,공지동국대학교 듀이카 아르바이트 학생 모집,2023.12.06.,홍태균
98,https://www.dongguk.edu/article/GENERALNOTICES/detail/26753253,"공지[DUICA]챗GPT프롬프트 엔지니어 특강 신청 안내(~12/15, 선착순 접수 마감)",2023.12.05.,황지현
99,https://www.dongguk.edu/article/GENERALNOTICES/detail/26753241,공지[5대 핵심역량 함양 프로그램] 워킹홀리데이 A to Z,2023.12.04.,이보리
100,https://www.dongguk.edu/article/GENERALNOTICES/detail/26753231,"공지[카운슬링센터] 온라인 심리검사 프로그램 참여 안내 : '나의 대학생활과 학습습관, 어떨까?'",2023.12.04.,이시은
101,https://www.dongguk.edu/article/GENERALNOTICES/detail/26753221,"공지[교수학습혁신센터] 인공지능(AI) 리터러시 워크숍 (총 5개 주제, 주제별 마일리지 지급)",2023.12.01.,나윤주
102,https://www.dongguk.edu/article/GENERALNOTICES/detail/26752808,<교육부> 성폭력 없는 안전한 캠퍼스 조성 우수사례 공모전 개최,2023.10.31.,신영은
103,https://www.dongguk.edu/article/GENERALNOTICES/detail/26752805,제1회 총동창회장배 동국인 한마음 페스티벌 결강사유서(유고결석) 관련 안내,2023.10.30.,신병수
104,https://www.dongguk.edu/article/GENERALNOTICES/detail/26752802,[T-Table] 크래프톤(라이징윙스) 현직자 특강 안내,2023.10.30.,최정문
105,https://www.dongguk.edu/article/GENERALNOTICES/detail/26752801,[취업팀]2023 JOB&CAREER FESTIVAL 취업박람회 참여 학생에 대한 유고결석 처리 완료 안내,2023.10.30.,홍태균
106,https://www.dongguk.edu/article/GENERALNOTICES/detail/26752797,JOB&CAREER FESTIVAL[취업박람회] 이벤트 당첨자 공지-2,2023.10.30.,신지윤
107,https://www.dongguk.edu/article/GENERALNOTICES/detail/26752795,[서울특별시 미래청년기획단] 청년행복 팝업스토어 안내,2023.10.30.,신병수
108,https://www.dongguk.edu/article/GENERALNOTICES/detail/26752790,[경영전문대학원 학사운영실] 교내 근로장학생 모집 안내,2023.10.27.,정세라
109,https://www.dongguk.edu/article/GENERALNOTICES/detail/26752788,[참사람사회공헌센터] 2023년 참사람 봉사활동 경진대회,2023.10.27.,강다현
110,https://www.dongguk.edu/article/GENERALNOTICES/detail/26752779,[5대 핵심역량 함양 프로그램] 심폐소생술(CPR) 교육 ( *참석한 전원에게 교육이수증 발급해드립니다! ),2023.10.26.,이보리
111,https://www.dongguk.edu/article/GENERALNOTICES/detail/26752778,[동국대학교 캠퍼스타운사업단] 2023 서울캠퍼스타운 창업 축제 홍보,2023.10.26.,유세영
112,https://www.dongguk.edu/article/GENERALNOTICES/detail/26753258,공지2023학년도 행정부서 동계방학 셧다운 및 집중휴가 안내,2023.12.06.,허선이
113,https://www.dongguk.edu/article/GENERALNOTICES/detail/26753257,공지동국대학교 듀이카 아르바이트 학생 모집,2023.12.06.,홍태균
114,https://www.dongguk.edu/article/GENERALNOTICES/detail/26753253,"공지[DUICA]챗GPT프롬프트 엔지니어 특강 신청 안내(~12/15, 선착순 접수 마감)",2023.12.05.,황지현
115,https://www.dongguk.edu/article/GENERALNOTICES/detail/26753241,공지[5대 핵심역량 함양 프로그램] 워킹홀리데이 A to Z,2023.12.04.,이보리
116,https://www.dongguk.edu/article/GENERALNOTICES/detail/26753231,"공지[카운슬링센터] 온라인 심리검사 프로그램 참여 안내 : '나의 대학생활과 학습습관, 어떨까?'",2023.12.04.,이시은
117,https://www.dongguk.edu/article/GENERALNOTICES/detail/26753221,"공지[교수학습혁신센터] 인공지능(AI) 리터러시 워크숍 (총 5개 주제, 주제별 마일리지 지급)",2023.12.01.,나윤주
118,https://www.dongguk.edu/article/GENERALNOTICES/detail/26752777,"[창업교육센터] 2023 초광역 GPT-AI 활용 창업경진대회 참가자 모집(~10/31(화), 13:00까지)",2023.10.26.,공효은
119,https://www.dongguk.edu/article/GENERALNOTICES/detail/26752774,(예비군연대) 2023년 학생 예비군 3차 훈련 안내,2023.10.26.,김태영
120,https://www.dongguk.edu/article/GENERALNOTICES/detail/26752773,[현장실습] 2023학년도 동국대학교 현장실습 우수사례 공모전 신청 안내,2023.10.26.,김상아
121,https://www.dongguk.edu/article/GENERALNOTICES/detail/26752763,[고시반] 제60회 변리사 시험 합격자 조사 안내,2023.10.26.,신명효
122,https://www.dongguk.edu/article/GENERALNOTICES/detail/26752729,동국대학교 홍보 영상 공모전 안내,2023.10.25.,이욱호
123,https://www.dongguk.edu/article/GENERALNOTICES/detail/26752723,[5대 핵심역량 함양 프로그램] 나는 고독을 판매합니다 - 고독스테이 김지영 대표 특강,2023.10.25.,이보리
124,https://www.dongguk.edu/article/GENERALNOTICES/detail/26752716,[참사람사회공헌센터] 2023 동계 베트남 해외봉사 면접 시간 안내,2023.10.24.,조재휘
125,https://www.dongguk.edu/article/GENERALNOTICES/detail/26752709,"[고시반] 2023년도 국가공무원 5급 공개경쟁채용시험(행정,기술),외교관후보자전형 최종합격자 조사 안내",2023.10.24.,신명효
126,https://www.dongguk.edu/article/GENERALNOTICES/detail/26752708,2023 동국대-에버랜드-삼성전자 산학협력 공모전 #MZ[MAKE-Z플립하다] 선정 결과 발표,2023.10.24.,김수영
127,https://www.dongguk.edu/article/GENERALNOTICES/detail/26752706,[대학미디어센터] 제29회 동대문학상 작품 모집 안내(시/소설/희곡.시나리오 공모전),2023.10.24.,오솔미
128,https://www.dongguk.edu/article/GENERALNOTICES/detail/26753258,공지2023학년도 행정부서 동계방학 셧다운 및 집중휴가 안내,2023.12.06.,허선이
129,https://www.dongguk.edu/article/GENERALNOTICES/detail/26753257,공지동국대학교 듀이카 아르바이트 학생 모집,2023.12.06.,홍태균
130,https://www.dongguk.edu/article/GENERALNOTICES/detail/26753253,"공지[DUICA]챗GPT프롬프트 엔지니어 특강 신청 안내(~12/15, 선착순 접수 마감)",2023.12.05.,황지현
131,https://www.dongguk.edu/article/GENERALNOTICES/detail/26753241,공지[5대 핵심역량 함양 프로그램] 워킹홀리데이 A to Z,2023.12.04.,이보리
132,https://www.dongguk.edu/article/GENERALNOTICES/detail/26753231,"공지[카운슬링센터] 온라인 심리검사 프로그램 참여 안내 : '나의 대학생활과 학습습관, 어떨까?'",2023.12.04.,이시은
133,https://www.dongguk.edu/article/GENERALNOTICES/detail/26753221,"공지[교수학습혁신센터] 인공지능(AI) 리터러시 워크숍 (총 5개 주제, 주제별 마일리지 지급)",2023.12.01.,나윤주
134,https://www.dongguk.edu/article/GENERALNOTICES/detail/26752702,"[대학미디어센터] 언론/방송/기업인 초청 특강 안내(tvN, TV조선, GS홈쇼핑, 카카오모빌리티, 국민일보 등)",2023.10.24.,오솔미
135,https://www.dongguk.edu/article/GENERALNOTICES/detail/26752673,[참사람사회공헌센터] 2023 동계 베트남 파견 해외봉사 서류합격자 발표,2023.10.20.,조재휘
136,https://www.dongguk.edu/article/GENERALNOTICES/detail/26752609,"[교수학습혁신센터] 2023-2학기 교,직원 대상 교육매체 워크숍 신청 안내(10~11월 진행)",2023.10.20.,문정윤
137,https://www.dongguk.edu/article/GENERALNOTICES/detail/26752608,[고시반] 제40회 관세사 시험 합격자 조사 안내,2023.10.20.,신명효
138,https://www.dongguk.edu/article/GENERALNOTICES/detail/26752588,[LINC 3.0] '2023 랜선으로 만나는 학부 및 대학원 대상 글로벌 취·창업 인턴십 특강' 참여 학생 모집,2023.10.19.,최정문
139,https://www.dongguk.edu/article/GENERALNOTICES/detail/26752581,[T-Table] SK에코플랜트 초청 특강 안내,2023.10.18.,최정문
140,https://www.dongguk.edu/article/GENERALNOTICES/detail/26752523,"[카운슬링센터] 온라인 심리검사 프로그램 참여 안내 : '나의 대학생활과 학습습관, 어떨까?'",2023.10.17.,이시은
141,https://www.dongguk.edu/article/GENERALNOTICES/detail/26752521,[공모전안내] 2023 동국 산학연계 교육과정 영상콘텐츠 공모전,2023.10.17.,윤규리
142,https://www.dongguk.edu/article/GENERALNOTICES/detail/26752520,서울중구시설관리공단 중구FM서포터즈 모집 홍보,2023.10.17.,조재휘
143,https://www.dongguk.edu/article/GENERALNOTICES/detail/26752505,"[DUICA] 챗GPT 생성 AI 활용 특강 신청 안내(~10/26까지, 선착순 마감)",2023.10.16.,황지현
144,https://www.dongguk.edu/article/GENERALNOTICES/detail/26753258,공지2023학년도 행정부서 동계방학 셧다운 및 집중휴가 안내,2023.12.06.,허선이
145,https://www.dongguk.edu/article/GENERALNOTICES/detail/26753257,공지동국대학교 듀이카 아르바이트 학생 모집,2023.12.06.,홍태균
146,https://www.dongguk.edu/article/GENERALNOTICES/detail/26753253,"공지[DUICA]챗GPT프롬프트 엔지니어 특강 신청 안내(~12/15, 선착순 접수 마감)",2023.12.05.,황지현
147,https://www.dongguk.edu/article/GENERALNOTICES/detail/26753241,공지[5대 핵심역량 함양 프로그램] 워킹홀리데이 A to Z,2023.12.04.,이보리
148,https://www.dongguk.edu/article/GENERALNOTICES/detail/26753231,"공지[카운슬링센터] 온라인 심리검사 프로그램 참여 안내 : '나의 대학생활과 학습습관, 어떨까?'",2023.12.04.,이시은
149,https://www.dongguk.edu/article/GENERALNOTICES/detail/26753221,"공지[교수학습혁신센터] 인공지능(AI) 리터러시 워크숍 (총 5개 주제, 주제별 마일리지 지급)",2023.12.01.,나윤주
150,https://www.dongguk.edu/article/GENERALNOTICES/detail/26752500,[창업진흥센터] 3D스케치로 창업 아이디어 그려보기 모집 안내(~2023.10.20.(금) 13시까지),2023.10.16.,김수민
151,https://www.dongguk.edu/article/GENERALNOTICES/detail/26752495,"23년 [신입생 인사이드 아웃] 5차, 6차 프로그램_[학생역량개발팀]",2023.10.16.,신윤정
152,https://www.dongguk.edu/article/GENERALNOTICES/detail/26752488,2024년 비교과프로그램 수요조사 시행,2023.10.16.,신영은
153,https://www.dongguk.edu/article/GENERALNOTICES/detail/26752486,"[T-Table] 10월, 11월 T-Table 특강 안내 (일시, 장소 변경)",2023.10.16.,최정문
154,https://www.dongguk.edu/article/GENERALNOTICES/detail/26752460,45기 WFK 월드프렌즈 청년봉사단 참여자 모집 안내,2023.10.13.,조재휘
155,https://www.dongguk.edu/article/GENERALNOTICES/detail/26752455,[취업팀]JOB&CAREER FESTIVAL[취업박람회] 이벤트 당첨자 공지-1,2023.10.13.,신지윤
156,https://www.dongguk.edu/article/GENERALNOTICES/detail/26752444,[참사람사회공헌센터] 2023년 참사람 봉사활동 경진대회,2023.10.12.,강다현
157,https://www.dongguk.edu/article/GENERALNOTICES/detail/26752441,2024학년도 전기 대학원 원서접수 전형 일정 안내,2023.10.12.,허선이
158,https://www.dongguk.edu/article/GENERALNOTICES/detail/26752376,2023학년도 2학기 신규 학생증 발급 재개 안내(2023.10.11~2023.12.14),2023.10.10.,임가영
159,https://www.dongguk.edu/article/GENERALNOTICES/detail/26752373,[빅데이터 혁신융합대학사업]제2회 빅데이터 산업 트렌드 콘퍼런스 참가 안내,2023.10.10.,지현종
160,https://www.dongguk.edu/article/GENERALNOTICES/detail/26753258,공지2023학년도 행정부서 동계방학 셧다운 및 집중휴가 안내,2023.12.06.,허선이
161,https://www.dongguk.edu/article/GENERALNOTICES/detail/26753257,공지동국대학교 듀이카 아르바이트 학생 모집,2023.12.06.,홍태균
162,https://www.dongguk.edu/article/GENERALNOTICES/detail/26753253,"공지[DUICA]챗GPT프롬프트 엔지니어 특강 신청 안내(~12/15, 선착순 접수 마감)",2023.12.05.,황지현
163,https://www.dongguk.edu/article/GENERALNOTICES/detail/26753241,공지[5대 핵심역량 함양 프로그램] 워킹홀리데이 A to Z,2023.12.04.,이보리
164,https://www.dongguk.edu/article/GENERALNOTICES/detail/26753231,"공지[카운슬링센터] 온라인 심리검사 프로그램 참여 안내 : '나의 대학생활과 학습습관, 어떨까?'",2023.12.04.,이시은
165,https://www.dongguk.edu/article/GENERALNOTICES/detail/26753221,"공지[교수학습혁신센터] 인공지능(AI) 리터러시 워크숍 (총 5개 주제, 주제별 마일리지 지급)",2023.12.01.,나윤주
166,https://www.dongguk.edu/article/GENERALNOTICES/detail/26752371,[빅데이터 혁신융합대학사업]공동활용대학 빅데이터 성과공유 콘퍼런스 참가 안내,2023.10.10.,지현종
167,https://www.dongguk.edu/article/GENERALNOTICES/detail/26752362,"[교수학습혁신센터] 2023-2 교, 강사 및 직원 대상 교수법 워크숍 신청 안내 (10월 진행)",2023.10.10.,문정윤
168,https://www.dongguk.edu/article/GENERALNOTICES/detail/26752361,[전국자연보호중앙회] 제주도 클린업 홍보,2023.10.10.,조재휘
169,https://www.dongguk.edu/article/GENERALNOTICES/detail/26752333,"제4회 서울국제명상엑스포 개최 안내(명상콘퍼런스, 명상과산업&토크, 명상체험)",2023.10.06.,엄기범
170,https://www.dongguk.edu/article/GENERALNOTICES/detail/26752332,[참사람사회공헌센터] 2023 동계 베트남 파견 해외봉사 단원 모집,2023.10.06.,조재휘
171,https://www.dongguk.edu/article/GENERALNOTICES/detail/26752329,2학기 1:1 진로상담 _[학생역량개발팀],2023.10.06.,신윤정
172,https://www.dongguk.edu/article/GENERALNOTICES/detail/26752327,"[DUICA] 챗GPT 생성 AI 활용 특강 신청 안내(~10/26까지, 선착순 마감)",2023.10.06.,황지현
173,https://www.dongguk.edu/article/GENERALNOTICES/detail/26752317,[5대 핵심역량 함양 프로그램] 죽음을 이야기 하라! - 안병은 정신건강전문의 특강,2023.10.05.,이보리
174,https://www.dongguk.edu/article/GENERALNOTICES/detail/26752295,"[현장체험] IoT-AI 연계 지능형 신기술 역량 강화를 위한 2023 AIoT 국제전시회 참여모집(~10/12, 11시까지)",2023.10.04.,변예림
175,https://www.dongguk.edu/article/GENERALNOTICES/detail/26752290,"[창업교육센터] 2023 d.DAY 10월 '스타트업 정부지원사업편' 창업특강 모집(~10/13(금), 선착순)",2023.10.04.,공효은
176,https://www.dongguk.edu/article/GENERALNOTICES/detail/26753258,공지2023학년도 행정부서 동계방학 셧다운 및 집중휴가 안내,2023.12.06.,허선이
177,https://www.dongguk.edu/article/GENERALNOTICES/detail/26753257,공지동국대학교 듀이카 아르바이트 학생 모집,2023.12.06.,홍태균
178,https://www.dongguk.edu/article/GENERALNOTICES/detail/26753253,"공지[DUICA]챗GPT프롬프트 엔지니어 특강 신청 안내(~12/15, 선착순 접수 마감)",2023.12.05.,황지현
179,https://www.dongguk.edu/article/GENERALNOTICES/detail/26753241,공지[5대 핵심역량 함양 프로그램] 워킹홀리데이 A to Z,2023.12.04.,이보리
180,https://www.dongguk.edu/article/GENERALNOTICES/detail/26753231,"공지[카운슬링센터] 온라인 심리검사 프로그램 참여 안내 : '나의 대학생활과 학습습관, 어떨까?'",2023.12.04.,이시은
181,https://www.dongguk.edu/article/GENERALNOTICES/detail/26753221,"공지[교수학습혁신센터] 인공지능(AI) 리터러시 워크숍 (총 5개 주제, 주제별 마일리지 지급)",2023.12.01.,나윤주
182,https://www.dongguk.edu/article/GENERALNOTICES/detail/26752284,2023년 한국전력공사 데이터안심구역 활용 경진대회 안내,2023.10.04.,신영은
183,https://www.dongguk.edu/article/GENERALNOTICES/detail/26752283,한전KDN「국민제안 혁신 DESK」참여 안내,2023.10.04.,신영은
184,https://www.dongguk.edu/article/GENERALNOTICES/detail/26752251,[5대 핵심역량 함양 프로그램] How Technology Changes Movies - 웨스트월드 손승현 대표 특강,2023.09.27.,이보리
185,https://www.dongguk.edu/article/GENERALNOTICES/detail/26752243,[창업교육센터] 2023 창업동아리 3차 최종 선발 결과 안내,2023.09.27.,공효은
186,https://www.dongguk.edu/article/GENERALNOTICES/detail/26752239,개인정보 분쟁조정제도 안내,2023.09.27.,정종현
187,https://www.dongguk.edu/article/GENERALNOTICES/detail/26752238,"[카운슬링센터] 온라인 심리검사 프로그램 참여 안내 : '나의 대학생활과 학습습관, 어떨까?'",2023.09.27.,이시은
188,https://www.dongguk.edu/article/GENERALNOTICES/detail/26752229,[5대 핵심역량 함양프로그램] 똑똑한 대학생활을 위한 챗GPT와 구글 활용 가이드,2023.09.26.,이보리
189,https://www.dongguk.edu/article/GENERALNOTICES/detail/26752215,[5대 핵심역량 함양 프로그램]  <말 한마디로 천 가지를 얻는 방법 - 스피치 역량 강화> 특강,2023.09.25.,이보리
190,https://www.dongguk.edu/article/GENERALNOTICES/detail/26752189,서울시 「챗봇 서울톡 - 답변정확도 향상 공모전」 홍보,2023.09.22.,신영은
191,https://www.dongguk.edu/article/GENERALNOTICES/detail/26752175,[교수학습혁신센터] 2023 BEST 프로그램 참여자 추가 모집,2023.09.21.,나윤주
192,https://www.dongguk.edu/article/GENERALNOTICES/detail/26753258,공지2023학년도 행정부서 동계방학 셧다운 및 집중휴가 안내,2023.12.06.,허선이
193,https://www.dongguk.edu/article/GENERALNOTICES/detail/26753257,공지동국대학교 듀이카 아르바이트 학생 모집,2023.12.06.,홍태균
194,https://www.dongguk.edu/article/GENERALNOTICES/detail/26753253,"공지[DUICA]챗GPT프롬프트 엔지니어 특강 신청 안내(~12/15, 선착순 접수 마감)",2023.12.05.,황지현
195,https://www.dongguk.edu/article/GENERALNOTICES/detail/26753241,공지[5대 핵심역량 함양 프로그램] 워킹홀리데이 A to Z,2023.12.04.,이보리
196,https://www.dongguk.edu/article/GENERALNOTICES/detail/26753231,"공지[카운슬링센터] 온라인 심리검사 프로그램 참여 안내 : '나의 대학생활과 학습습관, 어떨까?'",2023.12.04.,이시은
197,https://www.dongguk.edu/article/GENERALNOTICES/detail/26753221,"공지[교수학습혁신센터] 인공지능(AI) 리터러시 워크숍 (총 5개 주제, 주제별 마일리지 지급)",2023.12.01.,나윤주
198,https://www.dongguk.edu/article/GENERALNOTICES/detail/26752172,[교과연계 협력학습] DoDream 학습동아리 최종 선정 팀 발표,2023.09.21.,나윤주
199,https://www.dongguk.edu/article/GENERALNOTICES/detail/26752169,동국가족 한마음 테니스 페스타 참가 신청 안내,2023.09.21.,허선이
200,https://www.dongguk.edu/article/GENERALNOTICES/detail/26752146,[전공교과연계 협력학습] 동국 튜터링 튜티 모집,2023.09.19.,나윤주
201,https://www.dongguk.edu/article/GENERALNOTICES/detail/26752131,[전공교과연계 협력학습] 동국 튜터링 최종 선정 튜터 발표,2023.09.18.,나윤주
202,https://www.dongguk.edu/article/GENERALNOTICES/detail/26752107,"[창업진흥센터] [소싱디렉팅] E²GEE Lab D&M(디자인&제조) 컨설팅 참가자 모집(~9/24, 이메일접수)",2023.09.15.,김주영
203,https://www.dongguk.edu/article/GENERALNOTICES/detail/26752101,중소기업기술정보진흥원 온라인 브레인스토밍 플랫폼 「JAMMING」 홍보,2023.09.15.,신영은
204,https://www.dongguk.edu/article/GENERALNOTICES/detail/26752081,[경제학과] 지인엽 교수 연구실 연구조교 모집 공고,2023.09.14.,김가원
205,https://www.dongguk.edu/article/GENERALNOTICES/detail/26752079,MLP 기반 Microsoft 자격증 취득 과정 참가 학생 모집 (~9/21),2023.09.14.,최정문
206,https://www.dongguk.edu/article/GENERALNOTICES/detail/26752074,[창업진흥센터-메이커스페이스] 2023 E²GEE Lab(이지랩) 메이커톤 참가자 모집,2023.09.14.,박지혜
207,https://www.dongguk.edu/article/GENERALNOTICES/detail/26752038,"[카운슬링센터] 온라인 심리검사 프로그램 참여 안내 : '나의 대학생활과 학습습관, 어떨까?'",2023.09.12.,이시은
208,https://www.dongguk.edu/article/GENERALNOTICES/detail/26753258,공지2023학년도 행정부서 동계방학 셧다운 및 집중휴가 안내,2023.12.06.,허선이
209,https://www.dongguk.edu/article/GENERALNOTICES/detail/26753257,공지동국대학교 듀이카 아르바이트 학생 모집,2023.12.06.,홍태균
210,https://www.dongguk.edu/article/GENERALNOTICES/detail/26753253,"공지[DUICA]챗GPT프롬프트 엔지니어 특강 신청 안내(~12/15, 선착순 접수 마감)",2023.12.05.,황지현
211,https://www.dongguk.edu/article/GENERALNOTICES/detail/26753241,공지[5대 핵심역량 함양 프로그램] 워킹홀리데이 A to Z,2023.12.04.,이보리
212,https://www.dongguk.edu/article/GENERALNOTICES/detail/26753231,"공지[카운슬링센터] 온라인 심리검사 프로그램 참여 안내 : '나의 대학생활과 학습습관, 어떨까?'",2023.12.04.,이시은
213,https://www.dongguk.edu/article/GENERALNOTICES/detail/26753221,"공지[교수학습혁신센터] 인공지능(AI) 리터러시 워크숍 (총 5개 주제, 주제별 마일리지 지급)",2023.12.01.,나윤주
214,https://www.dongguk.edu/article/GENERALNOTICES/detail/26752032,[카운슬링센터] 유피어스(또래상담) 멘토 추가모집합니다.,2023.09.12.,이재명
215,https://www.dongguk.edu/article/GENERALNOTICES/detail/26752031,[취업팀]2023 JOB&CAREER FESTIVAL 취업박람회 참여 학생에 대한 유고결석 처리 안내,2023.09.12.,신지윤
216,https://www.dongguk.edu/article/GENERALNOTICES/detail/26752018,[창업교육센터] 2023 창업동아리 3차 모집 공고(~9.15(금) 17시까지),2023.09.11.,공효은
217,https://www.dongguk.edu/article/GENERALNOTICES/detail/26752015,[국제교류] 2024-1학기 일본 Outbound 교환학생 선발 공고,2023.09.11.,정재훈
218,https://www.dongguk.edu/article/GENERALNOTICES/detail/26752014,2023 배워서 남주자 페스티벌 행사 자원봉사자 모집,2023.09.11.,정미래
219,https://www.dongguk.edu/article/GENERALNOTICES/detail/26752011,[T-Table] 9월 T-Table 특강 안내,2023.09.11.,최정문
220,https://www.dongguk.edu/article/GENERALNOTICES/detail/26752010,"[T-Table] 'The next generation, 6G 프레임워크' 특강 안내",2023.09.11.,최정문
221,https://www.dongguk.edu/article/GENERALNOTICES/detail/26752006,[창업교육센터] 9/21(목) 2023 스타트업 아뜰리에(창업동아리 홍보부스+이벤트),2023.09.11.,공효은
222,https://www.dongguk.edu/article/GENERALNOTICES/detail/26752005,[창업진흥센터] 2023 D-Corps 프로그램 모집 안내,2023.09.11.,민관석
223,https://www.dongguk.edu/article/GENERALNOTICES/detail/26752001,★취업박람회 후기남기고 커피쿠폰 받자!!!★,2023.09.11.,신영은
224,https://www.dongguk.edu/article/GENERALNOTICES/detail/26753258,공지2023학년도 행정부서 동계방학 셧다운 및 집중휴가 안내,2023.12.06.,허선이
225,https://www.dongguk.edu/article/GENERALNOTICES/detail/26753257,공지동국대학교 듀이카 아르바이트 학생 모집,2023.12.06.,홍태균
226,https://www.dongguk.edu/article/GENERALNOTICES/detail/26753253,"공지[DUICA]챗GPT프롬프트 엔지니어 특강 신청 안내(~12/15, 선착순 접수 마감)",2023.12.05.,황지현
227,https://www.dongguk.edu/article/GENERALNOTICES/detail/26753241,공지[5대 핵심역량 함양 프로그램] 워킹홀리데이 A to Z,2023.12.04.,이보리
228,https://www.dongguk.edu/article/GENERALNOTICES/detail/26753231,"공지[카운슬링센터] 온라인 심리검사 프로그램 참여 안내 : '나의 대학생활과 학습습관, 어떨까?'",2023.12.04.,이시은
229,https://www.dongguk.edu/article/GENERALNOTICES/detail/26753221,"공지[교수학습혁신센터] 인공지능(AI) 리터러시 워크숍 (총 5개 주제, 주제별 마일리지 지급)",2023.12.01.,나윤주
230,https://www.dongguk.edu/article/GENERALNOTICES/detail/26751995,(예비군연대) 2023년 후반기 학생 예비군 교육훈련 재안내,2023.09.08.,김태영
231,https://www.dongguk.edu/article/GENERALNOTICES/detail/26751989,삼성그룹 「기회균등 특별채용」 ~09.13(수) 10:00,2023.09.08.,신지윤
232,https://www.dongguk.edu/article/GENERALNOTICES/detail/26751988,2023학년도 2학기 학생증 신규발급 일시 중단 안내(9/8 ~ 10/10),2023.09.08.,임가영
233,https://www.dongguk.edu/article/GENERALNOTICES/detail/26751985,2023 동국대 학습 콘텐츠 공모전,2023.09.08.,나윤주
234,https://www.dongguk.edu/article/GENERALNOTICES/detail/26751982,⚾ JTBC 최강야구 동국대학교 야구부 편 방송 ⚾,2023.09.07.,이욱호
235,https://www.dongguk.edu/article/GENERALNOTICES/detail/26751964,『2023년 제14회 대원불교문화상』 공모,2023.09.07.,신영은
236,https://www.dongguk.edu/article/GENERALNOTICES/detail/26751963,2023년 전국 대학생 정책아이디어 PT대회,2023.09.07.,조재휘
237,https://www.dongguk.edu/article/GENERALNOTICES/detail/26751961,[T-Table] 난양공과대학 교수 초청 특강 안내,2023.09.07.,최정문
238,https://www.dongguk.edu/article/GENERALNOTICES/detail/26751960,2023 KSP 성과공유컨퍼런스,2023.09.07.,조재휘
239,https://www.dongguk.edu/article/GENERALNOTICES/detail/26751919,「2023 서울 지능형 사물인터넷(AIoT) 해커톤 대회」개최안내 및 홍보,2023.09.06.,신영은
240,https://www.dongguk.edu/article/GENERALNOTICES/detail/26753258,공지2023학년도 행정부서 동계방학 셧다운 및 집중휴가 안내,2023.12.06.,허선이
241,https://www.dongguk.edu/article/GENERALNOTICES/detail/26753257,공지동국대학교 듀이카 아르바이트 학생 모집,2023.12.06.,홍태균
242,https://www.dongguk.edu/article/GENERALNOTICES/detail/26753253,"공지[DUICA]챗GPT프롬프트 엔지니어 특강 신청 안내(~12/15, 선착순 접수 마감)",2023.12.05.,황지현
243,https://www.dongguk.edu/article/GENERALNOTICES/detail/26753241,공지[5대 핵심역량 함양 프로그램] 워킹홀리데이 A to Z,2023.12.04.,이보리
244,https://www.dongguk.edu/article/GENERALNOTICES/detail/26753231,"공지[카운슬링센터] 온라인 심리검사 프로그램 참여 안내 : '나의 대학생활과 학습습관, 어떨까?'",2023.12.04.,이시은
245,https://www.dongguk.edu/article/GENERALNOTICES/detail/26753221,"공지[교수학습혁신센터] 인공지능(AI) 리터러시 워크숍 (총 5개 주제, 주제별 마일리지 지급)",2023.12.01.,나윤주
246,https://www.dongguk.edu/article/GENERALNOTICES/detail/26751918,2023년 바이오헬스산업 일자리 아카데미 교육생 모집 홍보,2023.09.06.,신영은
247,https://www.dongguk.edu/article/GENERALNOTICES/detail/26751917,제15회 한국고전종합DB 활용 공모전 안내,2023.09.06.,신영은
248,https://www.dongguk.edu/article/GENERALNOTICES/detail/26751916,2023 서울시 인공지능(AI) 아이디어 공모전 홍보,2023.09.06.,신영은
249,https://www.dongguk.edu/article/GENERALNOTICES/detail/26751914,[재학생 설문조사 참여] 대입 환경 변화를 반영한 전형요소 개선 연구,2023.09.05.,이상권
250,https://www.dongguk.edu/article/GENERALNOTICES/detail/26751894,[2학기 1:1 개별 진로상담  신청]_학생역량개발팀,2023.09.04.,신윤정
251,https://www.dongguk.edu/article/GENERALNOTICES/detail/26751893,[2학기 GROW코칭 참여자 모집 안내]_ 3학년 지원자 신청가능_ 학생역량개발팀,2023.09.04.,신윤정
252,https://www.dongguk.edu/article/GENERALNOTICES/detail/26751891,[T-Table] SK하이닉스 현직자 강연에 참여해보자!,2023.09.04.,최정문
253,https://www.dongguk.edu/article/GENERALNOTICES/detail/26751888,[정보처] 엣지(Edge)브라우저에서 포탈사이트 인증서로그인 버튼이 안보이는 현상 조치안내,2023.09.04.,정종현
254,https://www.dongguk.edu/article/GENERALNOTICES/detail/26751887,"[카운슬링센터] 온라인 심리검사 프로그램 참여 안내 : '나의 대학생활과 학습습관, 어떨까?'",2023.09.04.,이시은
255,https://www.dongguk.edu/article/GENERALNOTICES/detail/26751881,DGU-WIFI 무선네트워크 개선 사업 완료 안내,2023.09.04.,허선이
256,https://www.dongguk.edu/article/GENERALNOTICES/detail/26753258,공지2023학년도 행정부서 동계방학 셧다운 및 집중휴가 안내,2023.12.06.,허선이
257,https://www.dongguk.edu/article/GENERALNOTICES/detail/26753257,공지동국대학교 듀이카 아르바이트 학생 모집,2023.12.06.,홍태균
258,https://www.dongguk.edu/article/GENERALNOTICES/detail/26753253,"공지[DUICA]챗GPT프롬프트 엔지니어 특강 신청 안내(~12/15, 선착순 접수 마감)",2023.12.05.,황지현
259,https://www.dongguk.edu/article/GENERALNOTICES/detail/26753241,공지[5대 핵심역량 함양 프로그램] 워킹홀리데이 A to Z,2023.12.04.,이보리
260,https://www.dongguk.edu/article/GENERALNOTICES/detail/26753231,"공지[카운슬링센터] 온라인 심리검사 프로그램 참여 안내 : '나의 대학생활과 학습습관, 어떨까?'",2023.12.04.,이시은
261,https://www.dongguk.edu/article/GENERALNOTICES/detail/26753221,"공지[교수학습혁신센터] 인공지능(AI) 리터러시 워크숍 (총 5개 주제, 주제별 마일리지 지급)",2023.12.01.,나윤주
262,https://www.dongguk.edu/article/GENERALNOTICES/detail/26751862,[2023 JOB&CAREER FESTIVAL] 동국인과 함께하는 명사초청특강,2023.08.31.,신지윤
263,https://www.dongguk.edu/article/GENERALNOTICES/detail/26751860,[5대 핵심역량 함양 프로그램]  니체의 초인이란 누구인가? - 서울대 철학과 박찬국 교수 특강,2023.08.31.,이보리
264,https://www.dongguk.edu/article/GENERALNOTICES/detail/26751854,제10기 과학기술전문사관 후보생 모집·선발 공고,2023.08.31.,신영은
265,https://www.dongguk.edu/article/GENERALNOTICES/detail/26751844,[창업교육센터] 2023 창업동아리 3차 모집 공고(~9.15(금) 17시까지),2023.08.31.,공효은
266,https://www.dongguk.edu/article/GENERALNOTICES/detail/26751841,한눈에 보는 2023 JOB & CAREER FESTIVAL 일정표,2023.08.31.,이욱호
267,https://www.dongguk.edu/article/GENERALNOTICES/detail/26751833,[5대 핵심역량 함양프로그램] 동문 특강: EBS 최정균 PD의 <귀하신 대학생활> 보내기,2023.08.30.,이보리
268,https://www.dongguk.edu/article/GENERALNOTICES/detail/26751822,(예비군연대) 2023년 9월 각 군 현역병  모집계획 안내,2023.08.30.,김태영
269,https://www.dongguk.edu/article/GENERALNOTICES/detail/26751817,동국대 천원의 아침밥! 아코야 2학기에도 아침먹자!,2023.08.29.,조재휘
270,https://www.dongguk.edu/article/GENERALNOTICES/detail/26751809,[참사람사회공헌센터] 2023-2 참사람봉사단(봉사동아리) 20기 단원 모집 (~09.02까지),2023.08.29.,정미래
271,https://www.dongguk.edu/article/GENERALNOTICES/detail/26751808,[경영대학 학사운영실] 교내 근로장학생 모집 안내,2023.08.29.,김보연
272,https://www.dongguk.edu/article/GENERALNOTICES/detail/26753258,공지2023학년도 행정부서 동계방학 셧다운 및 집중휴가 안내,2023.12.06.,허선이
273,https://www.dongguk.edu/article/GENERALNOTICES/detail/26753257,공지동국대학교 듀이카 아르바이트 학생 모집,2023.12.06.,홍태균
274,https://www.dongguk.edu/article/GENERALNOTICES/detail/26753253,"공지[DUICA]챗GPT프롬프트 엔지니어 특강 신청 안내(~12/15, 선착순 접수 마감)",2023.12.05.,황지현
275,https://www.dongguk.edu/article/GENERALNOTICES/detail/26753241,공지[5대 핵심역량 함양 프로그램] 워킹홀리데이 A to Z,2023.12.04.,이보리
276,https://www.dongguk.edu/article/GENERALNOTICES/detail/26753231,"공지[카운슬링센터] 온라인 심리검사 프로그램 참여 안내 : '나의 대학생활과 학습습관, 어떨까?'",2023.12.04.,이시은
277,https://www.dongguk.edu/article/GENERALNOTICES/detail/26753221,"공지[교수학습혁신센터] 인공지능(AI) 리터러시 워크숍 (총 5개 주제, 주제별 마일리지 지급)",2023.12.01.,나윤주
278,https://www.dongguk.edu/article/GENERALNOTICES/detail/26751807,2023년 2학기 서울캠퍼스↔BMC 셔틀버스 운행 안내,2023.08.29.,허선이
279,https://www.dongguk.edu/article/GENERALNOTICES/detail/26751795,[동국대학교 캠퍼스타운] 사회적 협동조합 현장방문&강연&체험(약산성비누바 만들기) 신청자 모집,2023.08.28.,김아라
280,https://www.dongguk.edu/article/GENERALNOTICES/detail/26751788,2023 서울 시니어 스마트 페스타 참여 자원봉사자 모집,2023.08.28.,정미래
281,https://www.dongguk.edu/article/GENERALNOTICES/detail/26751784,2023년 2학기 동국대학교 '사랑의 헌혈' 시행 안내,2023.08.28.,정미래
282,https://www.dongguk.edu/article/GENERALNOTICES/detail/26751778,[진로지원 프로그램] HR전문가가 말하는 '인사팀이 뽑고 싶은 인재란?',2023.08.28.,이보리
283,https://www.dongguk.edu/article/GENERALNOTICES/detail/26751774,[고양산업진흥원] 2023년 3차 28청춘창업소 신규 입주기업 모집,2023.08.25.,이혜진
284,https://www.dongguk.edu/article/GENERALNOTICES/detail/26751773,2023 JOB&CAREER FESTIVAL 안내,2023.08.25.,허선이
285,https://www.dongguk.edu/article/GENERALNOTICES/detail/26751769,2023 A Farm Show <청년 농업 토크콘서트>,2023.08.25.,공효은
286,https://www.dongguk.edu/article/GENERALNOTICES/detail/26751757,"[창업교육센터] 일본오사카상업대학 2023 지역사회문제해결 글로벌 프로그램 참가자 모집(~8/29(화), 선착순 마감)",2023.08.25.,공효은
287,https://www.dongguk.edu/article/GENERALNOTICES/detail/26751747,2023년 취업박람회 참여 후기 남기고 커피쿠폰 받아가자!,2023.08.24.,신영은
288,https://www.dongguk.edu/article/GENERALNOTICES/detail/26753258,공지2023학년도 행정부서 동계방학 셧다운 및 집중휴가 안내,2023.12.06.,허선이
289,https://www.dongguk.edu/article/GENERALNOTICES/detail/26753257,공지동국대학교 듀이카 아르바이트 학생 모집,2023.12.06.,홍태균
290,https://www.dongguk.edu/article/GENERALNOTICES/detail/26753253,"공지[DUICA]챗GPT프롬프트 엔지니어 특강 신청 안내(~12/15, 선착순 접수 마감)",2023.12.05.,황지현
291,https://www.dongguk.edu/article/GENERALNOTICES/detail/26753241,공지[5대 핵심역량 함양 프로그램] 워킹홀리데이 A to Z,2023.12.04.,이보리
292,https://www.dongguk.edu/article/GENERALNOTICES/detail/26753231,"공지[카운슬링센터] 온라인 심리검사 프로그램 참여 안내 : '나의 대학생활과 학습습관, 어떨까?'",2023.12.04.,이시은
293,https://www.dongguk.edu/article/GENERALNOTICES/detail/26753221,"공지[교수학습혁신센터] 인공지능(AI) 리터러시 워크숍 (총 5개 주제, 주제별 마일리지 지급)",2023.12.01.,나윤주
294,https://www.dongguk.edu/article/GENERALNOTICES/detail/26751736,2023 청년 자원봉사 포럼 참여자 모집,2023.08.23.,정미래
295,https://www.dongguk.edu/article/GENERALNOTICES/detail/26751732,[창업진흥센터-Makers Value-up] Fusion360 3D모델링 중급교육을 통한  나만의 스마트폰 거치대 제작(접수연장 ~9/3),2023.08.22.,김주영
296,https://www.dongguk.edu/article/GENERALNOTICES/detail/26751731,크크동( Creator Crew of Dongguk) 3기 모집,2023.08.22.,이욱호
297,https://www.dongguk.edu/article/GENERALNOTICES/detail/26751728,[진로지원 프로그램] 동문 특강: 90만 여행유튜버 '희철리즘'의 좋아하는 일을 하며 먹고 사는 삶에 대하여,2023.08.22.,이보리
298,https://www.dongguk.edu/article/GENERALNOTICES/detail/26751725,2023 중구 사회적경제마켓x일자리박람회 자원봉사자 모집,2023.08.22.,정미래
299,https://www.dongguk.edu/article/GENERALNOTICES/detail/26751722,(예비군연대) 2023년 후반기 학생 예비군 교육훈련 안내,2023.08.22.,김태영
300,https://www.dongguk.edu/article/GENERALNOTICES/detail/26751714,신진 한반도 전문가 프로그램 모집,2023.08.21.,조재휘
301,https://www.dongguk.edu/article/GENERALNOTICES/detail/26751710,2023 보훈 취업박람회 개최 안내,2023.08.21.,신영은
302,https://www.dongguk.edu/article/GENERALNOTICES/detail/26751709,[동국대학교캠퍼스타운] 소셜앙트레(Social Entre)- Biz Start 추가 모집(상시),2023.08.21.,유세영
303,https://www.dongguk.edu/article/GENERALNOTICES/detail/26751704,2023년도 글로벌 현장체험 신청모집 안내(~8/21),2023.08.18.,최정문
304,https://www.dongguk.edu/article/GENERALNOTICES/detail/26753258,공지2023학년도 행정부서 동계방학 셧다운 및 집중휴가 안내,2023.12.06.,허선이
305,https://www.dongguk.edu/article/GENERALNOTICES/detail/26753257,공지동국대학교 듀이카 아르바이트 학생 모집,2023.12.06.,홍태균
306,https://www.dongguk.edu/article/GENERALNOTICES/detail/26753253,"공지[DUICA]챗GPT프롬프트 엔지니어 특강 신청 안내(~12/15, 선착순 접수 마감)",2023.12.05.,황지현
307,https://www.dongguk.edu/article/GENERALNOTICES/detail/26753241,공지[5대 핵심역량 함양 프로그램] 워킹홀리데이 A to Z,2023.12.04.,이보리
308,https://www.dongguk.edu/article/GENERALNOTICES/detail/26753231,"공지[카운슬링센터] 온라인 심리검사 프로그램 참여 안내 : '나의 대학생활과 학습습관, 어떨까?'",2023.12.04.,이시은
309,https://www.dongguk.edu/article/GENERALNOTICES/detail/26753221,"공지[교수학습혁신센터] 인공지능(AI) 리터러시 워크숍 (총 5개 주제, 주제별 마일리지 지급)",2023.12.01.,나윤주
310,https://www.dongguk.edu/article/GENERALNOTICES/detail/26751692,[경영대학 고시반] 한영회계법인(EY한영) 채용 설명회 안내,2023.08.18.,김보연
311,https://www.dongguk.edu/article/GENERALNOTICES/detail/26751685,2023 성동청소년문화의집 청소년멘토링사업 단짝친구 멘토 모집(2차),2023.08.18.,정미래
312,https://www.dongguk.edu/article/GENERALNOTICES/detail/26751681,2023 학군사관 후보생 2차 모집 안내,2023.08.18.,허선이
313,https://www.dongguk.edu/article/GENERALNOTICES/detail/26751679,총장님과 함께하는 2023년 가을 학위수여식 이벤트 안내,2023.08.17.,송민정
314,https://www.dongguk.edu/article/GENERALNOTICES/detail/26751677,"[5대 핵심역량 함양 프로그램] 청년 용접공, 펜을 들다 - '쇳밥일지' 천현우 작가 특강",2023.08.17.,이보리
315,https://www.dongguk.edu/article/GENERALNOTICES/detail/26751671,2023년도 하반기 서울동행 대학(원)생 봉사활동 참여학생 모집,2023.08.17.,정미래
316,https://www.dongguk.edu/article/GENERALNOTICES/detail/26751670,산학융합종합설계(인공지능을 활용한 콘텐츠 제작) 수강 학생 모집,2023.08.17.,최정문
317,https://www.dongguk.edu/article/GENERALNOTICES/detail/26751669,[취업팀] 2023 JOB & CAREER FESTIVAL '멘토링 클라쓰' 신청 안내,2023.08.17.,홍태균
318,https://www.dongguk.edu/article/GENERALNOTICES/detail/26751654,2023학년도 2학기 재학생 대운동장 대관 신청 안내,2023.08.14.,탁상민
319,https://www.dongguk.edu/article/GENERALNOTICES/detail/26751647,[참사람사회공헌센터] 2023 가을학기 사회봉사교과목 수강신청 안내(수정),2023.08.14.,강다현
320,https://www.dongguk.edu/article/GENERALNOTICES/detail/26753258,공지2023학년도 행정부서 동계방학 셧다운 및 집중휴가 안내,2023.12.06.,허선이
321,https://www.dongguk.edu/article/GENERALNOTICES/detail/26753257,공지동국대학교 듀이카 아르바이트 학생 모집,2023.12.06.,홍태균
322,https://www.dongguk.edu/article/GENERALNOTICES/detail/26753253,"공지[DUICA]챗GPT프롬프트 엔지니어 특강 신청 안내(~12/15, 선착순 접수 마감)",2023.12.05.,황지현
323,https://www.dongguk.edu/article/GENERALNOTICES/detail/26753241,공지[5대 핵심역량 함양 프로그램] 워킹홀리데이 A to Z,2023.12.04.,이보리
324,https://www.dongguk.edu/article/GENERALNOTICES/detail/26753231,"공지[카운슬링센터] 온라인 심리검사 프로그램 참여 안내 : '나의 대학생활과 학습습관, 어떨까?'",2023.12.04.,이시은
325,https://www.dongguk.edu/article/GENERALNOTICES/detail/26753221,"공지[교수학습혁신센터] 인공지능(AI) 리터러시 워크숍 (총 5개 주제, 주제별 마일리지 지급)",2023.12.01.,나윤주
326,https://www.dongguk.edu/article/GENERALNOTICES/detail/26751638,2023년 '신입생 인사이드 아웃' 프로그램_[학생역량개발팀],2023.08.11.,신윤정
327,https://www.dongguk.edu/article/GENERALNOTICES/detail/26751635,[사회복지학과] 이은영 교수님 조교 모집 (~8/18(금) 오전11시),2023.08.11.,박가비
328,https://www.dongguk.edu/article/GENERALNOTICES/detail/26751624,경기도 2023년도 대학생 공익활동 활성화 사업 참여 대상 모집,2023.08.11.,신영은
329,https://www.dongguk.edu/article/GENERALNOTICES/detail/26751611,2023학년도 2학기 일반대학원 신(편)입생 학생증 신청 안내,2023.08.10.,임가영
330,https://www.dongguk.edu/article/GENERALNOTICES/detail/26751604,(예비군연대) 을지연습과 연계  8월 민방공 대피훈련 및 내 주변 대피소 찾기,2023.08.09.,김태영
331,https://www.dongguk.edu/article/GENERALNOTICES/detail/26751600,"[창업교육센터] '누구나! 동국 캠퍼스 CEO’ 비교과 특강 모집(~8/25(금), 선착순)",2023.08.09.,공효은
332,https://www.dongguk.edu/article/GENERALNOTICES/detail/26751599,서울시 아리수 대학생 서포터즈 모집 홍보,2023.08.09.,신영은
333,https://www.dongguk.edu/article/GENERALNOTICES/detail/26751593,28청춘창업소 STEP BY STEP(개방형 창업교육),2023.08.09.,이혜진
334,https://www.dongguk.edu/article/GENERALNOTICES/detail/26751592,고양 스타트업 스쿨 참가자 모집,2023.08.09.,이혜진
335,https://www.dongguk.edu/article/GENERALNOTICES/detail/26751581,[장애학생지원센터] 2023-2학기 국가근로장학생(장애대학생 봉사유형) 모집,2023.08.08.,염수경
336,https://www.dongguk.edu/article/GENERALNOTICES/detail/26753258,공지2023학년도 행정부서 동계방학 셧다운 및 집중휴가 안내,2023.12.06.,허선이
337,https://www.dongguk.edu/article/GENERALNOTICES/detail/26753257,공지동국대학교 듀이카 아르바이트 학생 모집,2023.12.06.,홍태균
338,https://www.dongguk.edu/article/GENERALNOTICES/detail/26753253,"공지[DUICA]챗GPT프롬프트 엔지니어 특강 신청 안내(~12/15, 선착순 접수 마감)",2023.12.05.,황지현
339,https://www.dongguk.edu/article/GENERALNOTICES/detail/26753241,공지[5대 핵심역량 함양 프로그램] 워킹홀리데이 A to Z,2023.12.04.,이보리
340,https://www.dongguk.edu/article/GENERALNOTICES/detail/26753231,"공지[카운슬링센터] 온라인 심리검사 프로그램 참여 안내 : '나의 대학생활과 학습습관, 어떨까?'",2023.12.04.,이시은
341,https://www.dongguk.edu/article/GENERALNOTICES/detail/26753221,"공지[교수학습혁신센터] 인공지능(AI) 리터러시 워크숍 (총 5개 주제, 주제별 마일리지 지급)",2023.12.01.,나윤주
342,https://www.dongguk.edu/article/GENERALNOTICES/detail/26751576,2023 BEST 코칭 프로그램 참여자 모집,2023.08.07.,나윤주
343,https://www.dongguk.edu/article/GENERALNOTICES/detail/26751575,2023년 Dream PATH 커리어로드맵 & 취업포트폴리오 경진대회 심사결과 발표,2023.08.07.,신영은
344,https://www.dongguk.edu/article/GENERALNOTICES/detail/26751573,[경영학과] 이영면 교수님 조교 모집(마감),2023.08.07.,이아셀
345,https://www.dongguk.edu/article/GENERALNOTICES/detail/26751570,2023학년도 2학기 연구등록(B) 등록 안내,2023.08.07.,설희진
346,https://www.dongguk.edu/article/GENERALNOTICES/detail/26751569,[참사람사회공헌센터] 봉사 동아리 '참사람 봉사단' 20기 모집 안내,2023.08.07.,강다현
347,https://www.dongguk.edu/article/GENERALNOTICES/detail/26751556,한국관광 미래인재(관광학과 대학생) 초청 워크숍 개최 안내,2023.08.07.,신영은
348,https://www.dongguk.edu/article/GENERALNOTICES/detail/26751550,MLP 기반 Microsoft 자격증 취득 과정 참가 학생 모집 (마감),2023.08.04.,최정문
349,https://www.dongguk.edu/article/GENERALNOTICES/detail/26751549,[CSI2 특화교육] 'AI와 챗GPT' 특강 참가 학생 모집,2023.08.04.,최정문
350,https://www.dongguk.edu/article/GENERALNOTICES/detail/26751548,[CSI2 특화교육] '기후위기와 ESG' 특강 참가 학생 모집,2023.08.04.,최정문
351,https://www.dongguk.edu/article/GENERALNOTICES/detail/26751539,2023년 청년 전세보증금반환보증 보증료 지원사업 신청자 모집 안내,2023.08.04.,신영은
352,https://www.dongguk.edu/article/GENERALNOTICES/detail/26753258,공지2023학년도 행정부서 동계방학 셧다운 및 집중휴가 안내,2023.12.06.,허선이
353,https://www.dongguk.edu/article/GENERALNOTICES/detail/26753257,공지동국대학교 듀이카 아르바이트 학생 모집,2023.12.06.,홍태균
354,https://www.dongguk.edu/article/GENERALNOTICES/detail/26753253,"공지[DUICA]챗GPT프롬프트 엔지니어 특강 신청 안내(~12/15, 선착순 접수 마감)",2023.12.05.,황지현
355,https://www.dongguk.edu/article/GENERALNOTICES/detail/26753241,공지[5대 핵심역량 함양 프로그램] 워킹홀리데이 A to Z,2023.12.04.,이보리
356,https://www.dongguk.edu/article/GENERALNOTICES/detail/26753231,"공지[카운슬링센터] 온라인 심리검사 프로그램 참여 안내 : '나의 대학생활과 학습습관, 어떨까?'",2023.12.04.,이시은
357,https://www.dongguk.edu/article/GENERALNOTICES/detail/26753221,"공지[교수학습혁신센터] 인공지능(AI) 리터러시 워크숍 (총 5개 주제, 주제별 마일리지 지급)",2023.12.01.,나윤주
358,https://www.dongguk.edu/article/GENERALNOTICES/detail/26751530,[진로지원 프로그램] 동문 특강: LG에너지솔루션 입사 성공기,2023.08.03.,이보리
359,https://www.dongguk.edu/article/GENERALNOTICES/detail/26751523,뉴콘텐츠아카데미 1기 교육생 및 프로젝트 교육팀 모집,2023.08.02.,조재휘
360,https://www.dongguk.edu/article/GENERALNOTICES/detail/26751522,[서대문구] 2023 신촌글로벌대학문화축제 부스 참가자 모집 안내,2023.08.02.,조재휘
361,https://www.dongguk.edu/article/GENERALNOTICES/detail/26751521,[재단법인백제문화제재단] '2023 대백제전' 대학기자단 모집,2023.08.02.,조재휘
362,https://www.dongguk.edu/article/GENERALNOTICES/detail/26751520,2023년도 국회 대학(원)생 아카데미(1차) 실시 안내,2023.08.02.,조재휘
363,https://www.dongguk.edu/article/GENERALNOTICES/detail/26751494,[경영학과] 성상현 교수님 조교 모집(마감),2023.07.31.,이아셀
364,https://www.dongguk.edu/article/GENERALNOTICES/detail/26751488,[예비군연대] 2023년 8월 각 군 현역병  모집계획 안내,2023.07.31.,김태영
365,https://www.dongguk.edu/article/GENERALNOTICES/detail/26751464,2023년도 국회 대학(원)생 아카데미(1차) 과정 실시 안내,2023.07.28.,신병수
366,https://www.dongguk.edu/article/GENERALNOTICES/detail/26751459,2023년 '신입생 인사이드 아웃' 특강 프로그램 _[학생역량개발팀],2023.07.27.,신윤정
367,https://www.dongguk.edu/article/GENERALNOTICES/detail/26751439,[진로지원 프로그램] 4차 산업시대에 S/W 개발자 되기,2023.07.27.,이보리
368,https://www.dongguk.edu/article/GENERALNOTICES/detail/26753258,공지2023학년도 행정부서 동계방학 셧다운 및 집중휴가 안내,2023.12.06.,허선이
369,https://www.dongguk.edu/article/GENERALNOTICES/detail/26753257,공지동국대학교 듀이카 아르바이트 학생 모집,2023.12.06.,홍태균
370,https://www.dongguk.edu/article/GENERALNOTICES/detail/26753253,"공지[DUICA]챗GPT프롬프트 엔지니어 특강 신청 안내(~12/15, 선착순 접수 마감)",2023.12.05.,황지현
371,https://www.dongguk.edu/article/GENERALNOTICES/detail/26753241,공지[5대 핵심역량 함양 프로그램] 워킹홀리데이 A to Z,2023.12.04.,이보리
372,https://www.dongguk.edu/article/GENERALNOTICES/detail/26753231,"공지[카운슬링센터] 온라인 심리검사 프로그램 참여 안내 : '나의 대학생활과 학습습관, 어떨까?'",2023.12.04.,이시은
373,https://www.dongguk.edu/article/GENERALNOTICES/detail/26753221,"공지[교수학습혁신센터] 인공지능(AI) 리터러시 워크숍 (총 5개 주제, 주제별 마일리지 지급)",2023.12.01.,나윤주
374,https://www.dongguk.edu/article/GENERALNOTICES/detail/26751435,2023년도 <산학공유 밸류업 지원사업> 기업 모집공고,2023.07.26.,김서후
375,https://www.dongguk.edu/article/GENERALNOTICES/detail/26751422,[참사람사회공헌센터] 2023 가을학기 사회봉사교과목 수강신청,2023.07.21.,강다현
376,https://www.dongguk.edu/article/GENERALNOTICES/detail/26751419,"[대학미디어센터] 제 5회 언론인초청특강 개최 안내(2023년 8월, KBS/MBC/SBS/중앙일보)",2023.07.21.,오솔미
377,https://www.dongguk.edu/article/GENERALNOTICES/detail/26751411,서울시평생교육진흥원 모두의학교 자원봉사자 '모두아띠' 17기 모집,2023.07.20.,신영은
378,https://www.dongguk.edu/article/GENERALNOTICES/detail/26751405,[사회복지학과] 이은영 교수님 조교 모집,2023.07.20.,강혜린
379,https://www.dongguk.edu/article/GENERALNOTICES/detail/26751402,2023 천원의 아침밥 서포터즈 모집,2023.07.20.,조재휘
380,https://www.dongguk.edu/article/GENERALNOTICES/detail/26751401,2023년 대학생 공익활동 활성화 사업 참여 안내,2023.07.20.,조재휘
381,https://www.dongguk.edu/article/GENERALNOTICES/detail/26751374,남양주문화원 제 23기 청소년문화체험원정대 1박2일 캠프 대학생 자원봉사자(멘토) 모집,2023.07.20.,정미래
382,https://www.dongguk.edu/article/GENERALNOTICES/detail/26751371,[동국대학교캠퍼스타운] 2023 Pre-스타트업 시뮬레이션(2차) 모집 공고(조기마감),2023.07.19.,백보람
383,https://www.dongguk.edu/article/GENERALNOTICES/detail/26751365,2023-2 함성소리 대학생 교육기부 동아리 모집,2023.07.19.,정미래
384,https://www.dongguk.edu/article/GENERALNOTICES/detail/26753258,공지2023학년도 행정부서 동계방학 셧다운 및 집중휴가 안내,2023.12.06.,허선이
385,https://www.dongguk.edu/article/GENERALNOTICES/detail/26753257,공지동국대학교 듀이카 아르바이트 학생 모집,2023.12.06.,홍태균
386,https://www.dongguk.edu/article/GENERALNOTICES/detail/26753253,"공지[DUICA]챗GPT프롬프트 엔지니어 특강 신청 안내(~12/15, 선착순 접수 마감)",2023.12.05.,황지현
387,https://www.dongguk.edu/article/GENERALNOTICES/detail/26753241,공지[5대 핵심역량 함양 프로그램] 워킹홀리데이 A to Z,2023.12.04.,이보리
388,https://www.dongguk.edu/article/GENERALNOTICES/detail/26753231,"공지[카운슬링센터] 온라인 심리검사 프로그램 참여 안내 : '나의 대학생활과 학습습관, 어떨까?'",2023.12.04.,이시은
389,https://www.dongguk.edu/article/GENERALNOTICES/detail/26753221,"공지[교수학습혁신센터] 인공지능(AI) 리터러시 워크숍 (총 5개 주제, 주제별 마일리지 지급)",2023.12.01.,나윤주
390,https://www.dongguk.edu/article/GENERALNOTICES/detail/26751361,[교수학습혁신센터] 2023 창의문제해결 프로젝트 선정팀 발표,2023.07.19.,나윤주
391,https://www.dongguk.edu/article/GENERALNOTICES/detail/26751360,서울특별시 「청소년 마약류접근차단 영상콘텐츠 공모전」,2023.07.19.,신영은
392,https://www.dongguk.edu/article/GENERALNOTICES/detail/26751354,[진로지원 프로그램] 공모전의 신에서 마케팅의 신으로! - 마케팅 직무 특강,2023.07.19.,이보리
393,https://www.dongguk.edu/article/GENERALNOTICES/detail/26751353,대학생 교육기부 프로그램 「함성소리」동아리 모집 홍보,2023.07.18.,신영은
394,https://www.dongguk.edu/article/GENERALNOTICES/detail/26751352,「2023 남원 세계드론제전」서포터즈 모집 안내,2023.07.18.,신영은
395,https://www.dongguk.edu/article/GENERALNOTICES/detail/26751344,2023년 경기도평생교육진흥원 「민주시민교육 인식개선」 대학생 홍보단 모집 홍보,2023.07.18.,신영은
396,https://www.dongguk.edu/article/GENERALNOTICES/detail/26751342,[참사람사회공헌센터] 2023 하반기 중구멘토링 온라인 봉사자 모집 안내,2023.07.17.,강다현
397,https://www.dongguk.edu/article/GENERALNOTICES/detail/26751337,[동국대캠퍼스타운입주기업] 웍스앤피플 외국인 유학생 대상 K-POP Dance Program,2023.07.17.,이혜진
398,https://www.dongguk.edu/article/GENERALNOTICES/detail/26751333,[세이브더칠드런] 아동권리영화제 단편영화 공모전 홍보,2023.07.17.,신영은
399,https://www.dongguk.edu/article/GENERALNOTICES/detail/26751299,[참사람사회공헌센터] 2023 여름학기 사회봉사교과목 평가회 안내,2023.07.14.,강다현
400,https://www.dongguk.edu/article/GENERALNOTICES/detail/26753258,공지2023학년도 행정부서 동계방학 셧다운 및 집중휴가 안내,2023.12.06.,허선이
401,https://www.dongguk.edu/article/GENERALNOTICES/detail/26753257,공지동국대학교 듀이카 아르바이트 학생 모집,2023.12.06.,홍태균
402,https://www.dongguk.edu/article/GENERALNOTICES/detail/26753253,"공지[DUICA]챗GPT프롬프트 엔지니어 특강 신청 안내(~12/15, 선착순 접수 마감)",2023.12.05.,황지현
403,https://www.dongguk.edu/article/GENERALNOTICES/detail/26753241,공지[5대 핵심역량 함양 프로그램] 워킹홀리데이 A to Z,2023.12.04.,이보리
404,https://www.dongguk.edu/article/GENERALNOTICES/detail/26753231,"공지[카운슬링센터] 온라인 심리검사 프로그램 참여 안내 : '나의 대학생활과 학습습관, 어떨까?'",2023.12.04.,이시은
405,https://www.dongguk.edu/article/GENERALNOTICES/detail/26753221,"공지[교수학습혁신센터] 인공지능(AI) 리터러시 워크숍 (총 5개 주제, 주제별 마일리지 지급)",2023.12.01.,나윤주
406,https://www.dongguk.edu/article/GENERALNOTICES/detail/26751268,아름다운도서관 대학생 자원봉사자 모집,2023.07.12.,정미래
407,https://www.dongguk.edu/article/GENERALNOTICES/detail/26751260,(예비군연대) 2023-2학기 학생 예비군 편성(전입) 재안내,2023.07.12.,김태영
408,https://www.dongguk.edu/article/GENERALNOTICES/detail/26751255,※2023-1학기 마일리지 확인 안내,2023.07.12.,신영은
409,https://www.dongguk.edu/article/GENERALNOTICES/detail/26751248,2023 여름방학 자원봉사자 모집(종로3호 우리동네키움센터),2023.07.11.,정미래
410,https://www.dongguk.edu/article/GENERALNOTICES/detail/26751233,2023학년도 행정부서 하계방학 셧다운 및 집중휴가 안내,2023.07.11.,허선이
411,https://www.dongguk.edu/article/GENERALNOTICES/detail/26751209,STEM+I 생각교실 프로그램 참여교사(학급) 모집 안내,2023.07.10.,허선이
412,https://www.dongguk.edu/article/GENERALNOTICES/detail/26751207,동국대학교 2023-여름방학 Shut-Down 기간 내 증명서 발급 절차 안내,2023.07.10.,조혜리
413,https://www.dongguk.edu/article/GENERALNOTICES/detail/26751193,2023 학점봉사캠프 미동 22기 참여자 모집(~07.12),2023.07.07.,정미래
414,https://www.dongguk.edu/article/GENERALNOTICES/detail/26751176,[경영정보학과] 남기환 교수님 조교 모집(마감),2023.07.07.,윤지선
415,https://www.dongguk.edu/article/GENERALNOTICES/detail/26751175,고양교육지원청 대학연계 특수교육 자원봉사자 모집,2023.07.07.,정미래
416,https://www.dongguk.edu/article/GENERALNOTICES/detail/26753258,공지2023학년도 행정부서 동계방학 셧다운 및 집중휴가 안내,2023.12.06.,허선이
417,https://www.dongguk.edu/article/GENERALNOTICES/detail/26753257,공지동국대학교 듀이카 아르바이트 학생 모집,2023.12.06.,홍태균
418,https://www.dongguk.edu/article/GENERALNOTICES/detail/26753253,"공지[DUICA]챗GPT프롬프트 엔지니어 특강 신청 안내(~12/15, 선착순 접수 마감)",2023.12.05.,황지현
419,https://www.dongguk.edu/article/GENERALNOTICES/detail/26753241,공지[5대 핵심역량 함양 프로그램] 워킹홀리데이 A to Z,2023.12.04.,이보리
420,https://www.dongguk.edu/article/GENERALNOTICES/detail/26753231,"공지[카운슬링센터] 온라인 심리검사 프로그램 참여 안내 : '나의 대학생활과 학습습관, 어떨까?'",2023.12.04.,이시은
421,https://www.dongguk.edu/article/GENERALNOTICES/detail/26753221,"공지[교수학습혁신센터] 인공지능(AI) 리터러시 워크숍 (총 5개 주제, 주제별 마일리지 지급)",2023.12.01.,나윤주
422,https://www.dongguk.edu/article/GENERALNOTICES/detail/26751164,[진로지원 프로그램] 글로벌 취업트렌드와 영문 이력서 작성법,2023.07.06.,이보리
423,https://www.dongguk.edu/article/GENERALNOTICES/detail/26751161,2023 대학생 우정사회봉사단 포커스온 4기 모집,2023.07.06.,정미래
424,https://www.dongguk.edu/article/GENERALNOTICES/detail/26751135,[대학미디어센터] 제 5회 언론인초청특강 개최 안내(2023년 7월 특강 일정),2023.07.05.,오솔미
425,https://www.dongguk.edu/article/GENERALNOTICES/detail/26751106,[미디어커뮤니케이션학전공] 황하성 교수님 조교 모집 (모집완료),2023.07.04.,윤정은
426,https://www.dongguk.edu/article/GENERALNOTICES/detail/26751056,[교수학습혁신센터] 창의문제해결 프로젝트 참여 팀 모집,2023.06.30.,나윤주
427,https://www.dongguk.edu/article/GENERALNOTICES/detail/26751052,[창업교육센터] 2023 창업동아리 2차 최종 선발 결과 안내,2023.06.30.,공효은
428,https://www.dongguk.edu/article/GENERALNOTICES/detail/26751050,[진로지원 프로그램] 2023 창업&스타트업 비즈니스 트렌드 분석,2023.06.30.,이보리
429,https://www.dongguk.edu/article/GENERALNOTICES/detail/26751045,2023 하계 학점봉사캠프 「미동 22기」 참여 학생 모집 (기간추가연장),2023.06.30.,정미래
430,https://www.dongguk.edu/article/GENERALNOTICES/detail/26751034,2023 서울 청년정책 콘테스트- 내가 청년서울 시장이다 시즌3,2023.06.29.,이혜진
431,https://www.dongguk.edu/article/GENERALNOTICES/detail/26751032,[교수학습혁신센터] 맞춤형 학습지원을 위한 요구조사 마일리지 지급 및 당첨자 안내,2023.06.29.,나윤주
432,https://www.dongguk.edu/article/GENERALNOTICES/detail/26753258,공지2023학년도 행정부서 동계방학 셧다운 및 집중휴가 안내,2023.12.06.,허선이
433,https://www.dongguk.edu/article/GENERALNOTICES/detail/26753257,공지동국대학교 듀이카 아르바이트 학생 모집,2023.12.06.,홍태균
434,https://www.dongguk.edu/article/GENERALNOTICES/detail/26753253,"공지[DUICA]챗GPT프롬프트 엔지니어 특강 신청 안내(~12/15, 선착순 접수 마감)",2023.12.05.,황지현
435,https://www.dongguk.edu/article/GENERALNOTICES/detail/26753241,공지[5대 핵심역량 함양 프로그램] 워킹홀리데이 A to Z,2023.12.04.,이보리
436,https://www.dongguk.edu/article/GENERALNOTICES/detail/26753231,"공지[카운슬링센터] 온라인 심리검사 프로그램 참여 안내 : '나의 대학생활과 학습습관, 어떨까?'",2023.12.04.,이시은
437,https://www.dongguk.edu/article/GENERALNOTICES/detail/26753221,"공지[교수학습혁신센터] 인공지능(AI) 리터러시 워크숍 (총 5개 주제, 주제별 마일리지 지급)",2023.12.01.,나윤주
438,https://www.dongguk.edu/article/GENERALNOTICES/detail/26751009,2023 대학생 우정사회봉사단 포커스온 4기 모집,2023.06.28.,정미래
439,https://www.dongguk.edu/article/GENERALNOTICES/detail/26750996,2023 ICT 표준 챌린지 공모전 모집 안내,2023.06.28.,최정문
440,https://www.dongguk.edu/article/GENERALNOTICES/detail/26750984,[DUICA] 2023 포토샵 GTQ 특강 신청 안내(신청기한 : ~7/5까지),2023.06.27.,황지현
441,https://www.dongguk.edu/article/GENERALNOTICES/detail/26750983,"[창업교육센터] 제5회 대학연합창업캠프 -뿅뿅 창업오락실- 동국대 참가자 모집(~7/5(수), 모집 연장)",2023.06.27.,공효은
442,https://www.dongguk.edu/article/GENERALNOTICES/detail/26750966,2023년 Dream PATH 커리어로드맵 & 취업포트폴리오 경진대회 안내,2023.06.26.,신영은
443,https://www.dongguk.edu/article/GENERALNOTICES/detail/26750962,2023 하계방학 학점봉사캠프 미동22기 참여자 모집(기간연장),2023.06.26.,정미래
444,https://www.dongguk.edu/article/GENERALNOTICES/detail/26750947,(예비군연대) 2023-2학기 학생 예비군 편성(전입) 안내,2023.06.23.,김태영
445,https://www.dongguk.edu/article/GENERALNOTICES/detail/26750936,[경영학과] 이병철 교수님 조교 모집,2023.06.23.,이아셀
446,https://www.dongguk.edu/article/GENERALNOTICES/detail/26750932,"[창업보육센터] 2023년 창업보육센터 연계 맞춤형 지식재산 교육 안내 및 교육생 모집(7/5, 12, 19)",2023.06.22.,조덕영
447,https://www.dongguk.edu/article/GENERALNOTICES/detail/26750931,(예비군연대) 2023년 7월 각 군 현역병  모집계획 안내,2023.06.22.,김태영
448,https://www.dongguk.edu/article/GENERALNOTICES/detail/26753258,공지2023학년도 행정부서 동계방학 셧다운 및 집중휴가 안내,2023.12.06.,허선이
449,https://www.dongguk.edu/article/GENERALNOTICES/detail/26753257,공지동국대학교 듀이카 아르바이트 학생 모집,2023.12.06.,홍태균
450,https://www.dongguk.edu/article/GENERALNOTICES/detail/26753253,"공지[DUICA]챗GPT프롬프트 엔지니어 특강 신청 안내(~12/15, 선착순 접수 마감)",2023.12.05.,황지현
451,https://www.dongguk.edu/article/GENERALNOTICES/detail/26753241,공지[5대 핵심역량 함양 프로그램] 워킹홀리데이 A to Z,2023.12.04.,이보리
452,https://www.dongguk.edu/article/GENERALNOTICES/detail/26753231,"공지[카운슬링센터] 온라인 심리검사 프로그램 참여 안내 : '나의 대학생활과 학습습관, 어떨까?'",2023.12.04.,이시은
453,https://www.dongguk.edu/article/GENERALNOTICES/detail/26753221,"공지[교수학습혁신센터] 인공지능(AI) 리터러시 워크숍 (총 5개 주제, 주제별 마일리지 지급)",2023.12.01.,나윤주
454,https://www.dongguk.edu/article/GENERALNOTICES/detail/26750923,‘감사원 주관 대학 재정지원사업 감사원·교육부 합동감사’ 관련 제보 안내,2023.06.22.,관리자
455,https://www.dongguk.edu/article/GENERALNOTICES/detail/26750920,[학생역량개발팀]  1:1 개인 진로상담 (대면 / 방학기간 비대면 가능),2023.06.22.,신윤정
456,https://www.dongguk.edu/article/GENERALNOTICES/detail/26750919,[진로지원 프로그램] 2023 취업트렌드 10대 기업 입사전략 특강,2023.06.21.,이보리
457,https://www.dongguk.edu/article/GENERALNOTICES/detail/26750917,2023 서울 웹3.0 페스티벌 홍보,2023.06.21.,조재휘
458,https://www.dongguk.edu/article/GENERALNOTICES/detail/26750916,2023년 서울시 청년인생설계학교 3기 참여자 모집,2023.06.21.,조재휘
459,https://www.dongguk.edu/article/GENERALNOTICES/detail/26750915,군포시청소년재단 군포시진로교육협력센터 [후기청소년 동아리 지원사업] 참가 동아리 모집 홍보,2023.06.21.,조재휘
460,https://www.dongguk.edu/article/GENERALNOTICES/detail/26750905,[교수학습혁신센터] 맞춤형 학습지원을 위한 요구조사 안내(참여 마일리지 지급),2023.06.21.,나윤주
461,https://www.dongguk.edu/article/GENERALNOTICES/detail/26750902,2023-2024 ESG KOICA-청년중기봉사단 모집안내,2023.06.21.,정미래
462,https://www.dongguk.edu/article/GENERALNOTICES/detail/26750892,[CSI 특화교육] 뉴욕주립대학교 컴퓨터과학과 교수님의 흥미로운 특강 들어볼래?,2023.06.20.,변예림
463,https://www.dongguk.edu/article/GENERALNOTICES/detail/26750887,2023 하계 학점봉사캠프 「미동 22기」 참여 학생 모집 (기간연장),2023.06.20.,정미래
464,https://www.dongguk.edu/article/GENERALNOTICES/detail/26753258,공지2023학년도 행정부서 동계방학 셧다운 및 집중휴가 안내,2023.12.06.,허선이
465,https://www.dongguk.edu/article/GENERALNOTICES/detail/26753257,공지동국대학교 듀이카 아르바이트 학생 모집,2023.12.06.,홍태균
466,https://www.dongguk.edu/article/GENERALNOTICES/detail/26753253,"공지[DUICA]챗GPT프롬프트 엔지니어 특강 신청 안내(~12/15, 선착순 접수 마감)",2023.12.05.,황지현
467,https://www.dongguk.edu/article/GENERALNOTICES/detail/26753241,공지[5대 핵심역량 함양 프로그램] 워킹홀리데이 A to Z,2023.12.04.,이보리
468,https://www.dongguk.edu/article/GENERALNOTICES/detail/26753231,"공지[카운슬링센터] 온라인 심리검사 프로그램 참여 안내 : '나의 대학생활과 학습습관, 어떨까?'",2023.12.04.,이시은
469,https://www.dongguk.edu/article/GENERALNOTICES/detail/26753221,"공지[교수학습혁신센터] 인공지능(AI) 리터러시 워크숍 (총 5개 주제, 주제별 마일리지 지급)",2023.12.01.,나윤주
470,https://www.dongguk.edu/article/GENERALNOTICES/detail/26750885,2023 공개 SW 개발자 대회,2023.06.19.,임유진
471,https://www.dongguk.edu/article/GENERALNOTICES/detail/26750884,환경보호 청년참여단 '그린가드(Green Guard)' 참여자 모집,2023.06.19.,정미래
472,https://www.dongguk.edu/article/GENERALNOTICES/detail/26750870,[동국대학교캠퍼스타운] 소셜앙트레(Social Entre)- Biz Scale up 모집공고(~7/14),2023.06.19.,유세영
473,https://www.dongguk.edu/article/GENERALNOTICES/detail/26750866,[동국대학교캠퍼스타운] HAI STARTUP TOWN 입주경진대회 추가선발(~6/23),2023.06.19.,유세영
474,https://www.dongguk.edu/article/GENERALNOTICES/detail/26750823,2023 청소년경제금융교실 대학생 강사단 모집,2023.06.16.,정미래
475,https://www.dongguk.edu/article/GENERALNOTICES/detail/26750822,[실감미디어 혁신융합대학사업단] 2023 제2회 CO-WEEK ACADEMY 온라인강의 수강신청 안내,2023.06.15.,지현종
476,https://www.dongguk.edu/article/GENERALNOTICES/detail/26750816,2023 제6회 세종건축문화제 대학생 튜터 모집,2023.06.15.,정미래
477,https://www.dongguk.edu/article/GENERALNOTICES/detail/26750815,Dream PATH 커리어로드맵 경진대회 개최 안내,2023.06.15.,신영은
478,https://www.dongguk.edu/article/GENERALNOTICES/detail/26750814,Dream PATH 취업포트폴리오 경진대회 개최 안내,2023.06.15.,신영은
479,https://www.dongguk.edu/article/GENERALNOTICES/detail/26750813,<서울시민대학 대학연계사업> (무료)중장년RE-START 역량강화 프로그램 수강생모집,2023.06.15.,김지우
480,https://www.dongguk.edu/article/GENERALNOTICES/detail/26753258,공지2023학년도 행정부서 동계방학 셧다운 및 집중휴가 안내,2023.12.06.,허선이
481,https://www.dongguk.edu/article/GENERALNOTICES/detail/26753257,공지동국대학교 듀이카 아르바이트 학생 모집,2023.12.06.,홍태균
482,https://www.dongguk.edu/article/GENERALNOTICES/detail/26753253,"공지[DUICA]챗GPT프롬프트 엔지니어 특강 신청 안내(~12/15, 선착순 접수 마감)",2023.12.05.,황지현
483,https://www.dongguk.edu/article/GENERALNOTICES/detail/26753241,공지[5대 핵심역량 함양 프로그램] 워킹홀리데이 A to Z,2023.12.04.,이보리
484,https://www.dongguk.edu/article/GENERALNOTICES/detail/26753231,"공지[카운슬링센터] 온라인 심리검사 프로그램 참여 안내 : '나의 대학생활과 학습습관, 어떨까?'",2023.12.04.,이시은
485,https://www.dongguk.edu/article/GENERALNOTICES/detail/26753221,"공지[교수학습혁신센터] 인공지능(AI) 리터러시 워크숍 (총 5개 주제, 주제별 마일리지 지급)",2023.12.01.,나윤주
486,https://www.dongguk.edu/article/GENERALNOTICES/detail/26750807,[금융감독원] 제18회 금융공모전 개최 안내,2023.06.14.,조재휘
487,https://www.dongguk.edu/article/GENERALNOTICES/detail/26750806,2023년 인문다큐 영상 공모전 홍보,2023.06.14.,조재휘
488,https://www.dongguk.edu/article/GENERALNOTICES/detail/26750805,제21회 대한민국 창작만화 공모전 모집 홍보,2023.06.14.,조재휘
489,https://www.dongguk.edu/article/GENERALNOTICES/detail/26750804,[아산나눔재단] 제2회 아산 기업가정신 리뷰(AER) 대학생 사례분석 컴피티션 안내,2023.06.14.,조재휘
490,https://www.dongguk.edu/article/GENERALNOTICES/detail/26750803,2023 순천만 국제정원박람회 대학교 동아리 공연 공모신청 안내,2023.06.14.,조재휘
491,https://www.dongguk.edu/article/GENERALNOTICES/detail/26750802,2023 행정안전부 주관 「지역 청년활동가 지원사업」 홍보,2023.06.14.,조재휘
492,https://www.dongguk.edu/article/GENERALNOTICES/detail/26750801,시립청소년미디어센터 청소년 미디어동아리 모집 홍보,2023.06.14.,조재휘
493,https://www.dongguk.edu/article/GENERALNOTICES/detail/26750796,[참사람사회공헌센터] 2023 하계 학점봉사캠프 「미동 22기」 참여학생 모집,2023.06.14.,정미래
494,https://www.dongguk.edu/article/GENERALNOTICES/detail/26750794,연희청소년센터 「청소년 진로준비가이드」 참여 대학생 멘토 모집,2023.06.14.,정미래
495,https://www.dongguk.edu/article/GENERALNOTICES/detail/26750793,[진로지원 프로그램] SWOT 분석을 통한 나다움 발견하기,2023.06.14.,이보리
496,https://www.dongguk.edu/article/GENERALNOTICES/detail/26753258,공지2023학년도 행정부서 동계방학 셧다운 및 집중휴가 안내,2023.12.06.,허선이
497,https://www.dongguk.edu/article/GENERALNOTICES/detail/26753257,공지동국대학교 듀이카 아르바이트 학생 모집,2023.12.06.,홍태균
498,https://www.dongguk.edu/article/GENERALNOTICES/detail/26753253,"공지[DUICA]챗GPT프롬프트 엔지니어 특강 신청 안내(~12/15, 선착순 접수 마감)",2023.12.05.,황지현
499,https://www.dongguk.edu/article/GENERALNOTICES/detail/26753241,공지[5대 핵심역량 함양 프로그램] 워킹홀리데이 A to Z,2023.12.04.,이보리
500,https://www.dongguk.edu/article/GENERALNOTICES/detail/26753231,"공지[카운슬링센터] 온라인 심리검사 프로그램 참여 안내 : '나의 대학생활과 학습습관, 어떨까?'",2023.12.04.,이시은
501,https://www.dongguk.edu/article/GENERALNOTICES/detail/26753221,"공지[교수학습혁신센터] 인공지능(AI) 리터러시 워크숍 (총 5개 주제, 주제별 마일리지 지급)",2023.12.01.,나윤주
502,https://www.dongguk.edu/article/GENERALNOTICES/detail/26750792,[창업진흥원] 2023년 창업진흥원 창업 수기 공모전(~06.19.),2023.06.14.,유세영
503,https://www.dongguk.edu/article/GENERALNOTICES/detail/26750791,[서울시] 2023년 「서울핀테크아카데미」 모집(~7.5.),2023.06.14.,유세영
504,https://www.dongguk.edu/article/GENERALNOTICES/detail/26750789,2023 용산구청소년지원센터 꿈드림 영어회화 동아리 멘토 모집,2023.06.14.,정미래
505,https://www.dongguk.edu/article/GENERALNOTICES/detail/26750783,[OMNi] 2023년 여름학기 동국대XSKT 'AI 커리큘럼' 학생 모집(~6/30),2023.06.13.,최정문
506,https://www.dongguk.edu/article/GENERALNOTICES/detail/26750782,[OMNi] 2023년 여름학기 동국대X네이버 ‘모두를 위한 파이썬(PY4E)' 학생 모집(~6/30),2023.06.13.,최정문
507,https://www.dongguk.edu/article/GENERALNOTICES/detail/26750777,2023 시립창동청소년센터 오픈런앤런 동행멘토단 모집,2023.06.13.,정미래
508,https://www.dongguk.edu/article/GENERALNOTICES/detail/26750774,[참사람사회공헌센터] 한국장학재단 제27기 하계 대학생 재능봉사캠프 모집 연장,2023.06.13.,강다현
509,https://www.dongguk.edu/article/GENERALNOTICES/detail/26750754,[DUICA] 2023학년도 하계방학 알.짜.배.기. 특강 시리즈(신청기한 : ~6/26까지),2023.06.12.,황지현
510,https://www.dongguk.edu/article/GENERALNOTICES/detail/26750751,[창업진흥센터] 2023년 예비창업패키지 창업상담창구 프로그램 신청,2023.06.12.,정동주
511,https://www.dongguk.edu/article/GENERALNOTICES/detail/26750746,2023 세계스카우트잼버리 영외과정활동 「사찰문화체험」 통역 자원봉사자 모집 연장,2023.06.12.,강다현
512,https://www.dongguk.edu/article/GENERALNOTICES/detail/26753258,공지2023학년도 행정부서 동계방학 셧다운 및 집중휴가 안내,2023.12.06.,허선이
513,https://www.dongguk.edu/article/GENERALNOTICES/detail/26753257,공지동국대학교 듀이카 아르바이트 학생 모집,2023.12.06.,홍태균
514,https://www.dongguk.edu/article/GENERALNOTICES/detail/26753253,"공지[DUICA]챗GPT프롬프트 엔지니어 특강 신청 안내(~12/15, 선착순 접수 마감)",2023.12.05.,황지현
515,https://www.dongguk.edu/article/GENERALNOTICES/detail/26753241,공지[5대 핵심역량 함양 프로그램] 워킹홀리데이 A to Z,2023.12.04.,이보리
516,https://www.dongguk.edu/article/GENERALNOTICES/detail/26753231,"공지[카운슬링센터] 온라인 심리검사 프로그램 참여 안내 : '나의 대학생활과 학습습관, 어떨까?'",2023.12.04.,이시은
517,https://www.dongguk.edu/article/GENERALNOTICES/detail/26753221,"공지[교수학습혁신센터] 인공지능(AI) 리터러시 워크숍 (총 5개 주제, 주제별 마일리지 지급)",2023.12.01.,나윤주
518,https://www.dongguk.edu/article/GENERALNOTICES/detail/26750718,에너지시민연대 제 20회 에너지의날 청년 서포터즈 모집,2023.06.09.,정미래
519,https://www.dongguk.edu/article/GENERALNOTICES/detail/26750704,2023 SW중심대학 공동 해커톤 참가자 모집,2023.06.09.,임유진
520,https://www.dongguk.edu/article/GENERALNOTICES/detail/26750703,여자총동창회 기말고사 간식행사 안내,2023.06.09.,관리자
521,https://www.dongguk.edu/article/GENERALNOTICES/detail/26750698,2023 전통문화 일상누림 동호회(동아리) 공모,2023.06.09.,조재휘
522,https://www.dongguk.edu/article/GENERALNOTICES/detail/26750695,2023 제2회 모의 유네스코 회의 대표단 모집,2023.06.09.,조재휘
523,https://www.dongguk.edu/article/GENERALNOTICES/detail/26750694,[창업진흥센터-Makers Value 마인드셋] 기초 메이커 과정 교육 참가자 모집,2023.06.09.,박지혜
524,https://www.dongguk.edu/article/GENERALNOTICES/detail/26750685,[참사람사회공헌센터] 고교 전공멘토링 프로그램 참여자 모집(~6.14 13:00까지 연장),2023.06.08.,정미래
525,https://www.dongguk.edu/article/GENERALNOTICES/detail/26750645,[참사람사회공헌센터] 한국장학재단 제27기 하계 대학생 재능봉사캠프 모집 안내 (수정),2023.06.07.,강다현
526,https://www.dongguk.edu/article/GENERALNOTICES/detail/26750642,[참사람사회공헌센터] 2023 하계방학 학점봉사캠프 「미동22기」 참가자 모집,2023.06.07.,정미래
527,https://www.dongguk.edu/article/GENERALNOTICES/detail/26750626,2023 창업동아리 2차 모집 공고(~6.18(일)까지),2023.06.07.,공효은
528,https://www.dongguk.edu/article/GENERALNOTICES/detail/26753258,공지2023학년도 행정부서 동계방학 셧다운 및 집중휴가 안내,2023.12.06.,허선이
529,https://www.dongguk.edu/article/GENERALNOTICES/detail/26753257,공지동국대학교 듀이카 아르바이트 학생 모집,2023.12.06.,홍태균
530,https://www.dongguk.edu/article/GENERALNOTICES/detail/26753253,"공지[DUICA]챗GPT프롬프트 엔지니어 특강 신청 안내(~12/15, 선착순 접수 마감)",2023.12.05.,황지현
531,https://www.dongguk.edu/article/GENERALNOTICES/detail/26753241,공지[5대 핵심역량 함양 프로그램] 워킹홀리데이 A to Z,2023.12.04.,이보리
532,https://www.dongguk.edu/article/GENERALNOTICES/detail/26753231,"공지[카운슬링센터] 온라인 심리검사 프로그램 참여 안내 : '나의 대학생활과 학습습관, 어떨까?'",2023.12.04.,이시은
533,https://www.dongguk.edu/article/GENERALNOTICES/detail/26753221,"공지[교수학습혁신센터] 인공지능(AI) 리터러시 워크숍 (총 5개 주제, 주제별 마일리지 지급)",2023.12.01.,나윤주
534,https://www.dongguk.edu/article/GENERALNOTICES/detail/26750625,[장애학생지원센터]장애인식개선교육 수강 안내(필수),2023.06.07.,염수경
535,https://www.dongguk.edu/article/GENERALNOTICES/detail/26750621,[진로지원 프로그램] 에니어그램을 통한 자기이해와 진로설계,2023.06.07.,이보리
536,https://www.dongguk.edu/article/GENERALNOTICES/detail/26750583,2023년도 캡스톤디자인 밸류업 프로그램 참가 학생 모집 안내(6/2~6/16일까지),2023.06.02.,박신숙
537,https://www.dongguk.edu/article/GENERALNOTICES/detail/26750577,[T-Table] SK텔레콤 특강에 참여해보자,2023.06.01.,변예림
538,https://www.dongguk.edu/article/GENERALNOTICES/detail/26750574,만해백일장 자원봉사자 모집 안내,2023.06.01.,관리자
539,https://www.dongguk.edu/article/GENERALNOTICES/detail/26750573,만해백일장 행사 안내,2023.06.01.,관리자
540,https://www.dongguk.edu/article/GENERALNOTICES/detail/26750571,2023년 청소년 국제교류 프로그램 참가자 모집,2023.06.01.,정미래
541,https://www.dongguk.edu/article/GENERALNOTICES/detail/26750568,[동국대학교 캠퍼스타운] 패션 온라인 마케터 양성 교육 모집 ~ 2023년 6월 20일 화요일까지,2023.06.01.,김유신
542,https://www.dongguk.edu/article/GENERALNOTICES/detail/26750567,2023학년도 여름학기 재학생 운동장 대관 신청 안내,2023.06.01.,탁상민
543,https://www.dongguk.edu/article/GENERALNOTICES/detail/26750562,2023 찾아가는 공룡엑스포 in 일산」 현장스태프 모집,2023.05.31.,정미래
544,https://www.dongguk.edu/article/GENERALNOTICES/detail/26753258,공지2023학년도 행정부서 동계방학 셧다운 및 집중휴가 안내,2023.12.06.,허선이
545,https://www.dongguk.edu/article/GENERALNOTICES/detail/26753257,공지동국대학교 듀이카 아르바이트 학생 모집,2023.12.06.,홍태균
546,https://www.dongguk.edu/article/GENERALNOTICES/detail/26753253,"공지[DUICA]챗GPT프롬프트 엔지니어 특강 신청 안내(~12/15, 선착순 접수 마감)",2023.12.05.,황지현
547,https://www.dongguk.edu/article/GENERALNOTICES/detail/26753241,공지[5대 핵심역량 함양 프로그램] 워킹홀리데이 A to Z,2023.12.04.,이보리
548,https://www.dongguk.edu/article/GENERALNOTICES/detail/26753231,"공지[카운슬링센터] 온라인 심리검사 프로그램 참여 안내 : '나의 대학생활과 학습습관, 어떨까?'",2023.12.04.,이시은
549,https://www.dongguk.edu/article/GENERALNOTICES/detail/26753221,"공지[교수학습혁신센터] 인공지능(AI) 리터러시 워크숍 (총 5개 주제, 주제별 마일리지 지급)",2023.12.01.,나윤주
550,https://www.dongguk.edu/article/GENERALNOTICES/detail/26750560,2023학년도 1학기 신규 학생증 발급 중단 안내(2023.06.15~2023.08.09),2023.05.31.,박선영
551,https://www.dongguk.edu/article/GENERALNOTICES/detail/26750523,(예비군연대) 2023년 6월 각 군 현역병  모집계획 안내,2023.05.26.,김태영
552,https://www.dongguk.edu/article/GENERALNOTICES/detail/26750522,2023 세계스카우트잼버리 영외과정활동 「사찰문화체험」 통역 자원봉사자 모집,2023.05.26.,강다현
553,https://www.dongguk.edu/article/GENERALNOTICES/detail/26750515,「대학생 테마별 톡톡 멘토링」 참여 동아리 추가모집,2023.05.25.,정미래
554,https://www.dongguk.edu/article/GENERALNOTICES/detail/26750506,「2023년 국가간 청소년교류」 및 「글로벌 청소년 서밋」청소년 참가자 모집,2023.05.25.,정미래
555,https://www.dongguk.edu/article/GENERALNOTICES/detail/26750503,[강남열린대학] 인문학특강 개최 홍보,2023.05.24.,조재휘
556,https://www.dongguk.edu/article/GENERALNOTICES/detail/26750502,더 안전한 경기도 영상콘텐츠 공모,2023.05.24.,조재휘
557,https://www.dongguk.edu/article/GENERALNOTICES/detail/26750478,[참사람사회공헌센터] 한국장학재단 제27기 하계 대학생 재능봉사캠프 모집 안내,2023.05.24.,강다현
558,https://www.dongguk.edu/article/GENERALNOTICES/detail/26750462,[장애학생지원센터]장애인식개선교육 수강 안내(필수),2023.05.23.,염수경
559,https://www.dongguk.edu/article/GENERALNOTICES/detail/26750459,[모두의 연구소] 2023년 AI학교 아이펠 5기 입학생 모집(~6/9),2023.05.23.,변예림
560,https://www.dongguk.edu/article/GENERALNOTICES/detail/26753258,공지2023학년도 행정부서 동계방학 셧다운 및 집중휴가 안내,2023.12.06.,허선이
561,https://www.dongguk.edu/article/GENERALNOTICES/detail/26753257,공지동국대학교 듀이카 아르바이트 학생 모집,2023.12.06.,홍태균
562,https://www.dongguk.edu/article/GENERALNOTICES/detail/26753253,"공지[DUICA]챗GPT프롬프트 엔지니어 특강 신청 안내(~12/15, 선착순 접수 마감)",2023.12.05.,황지현
563,https://www.dongguk.edu/article/GENERALNOTICES/detail/26753241,공지[5대 핵심역량 함양 프로그램] 워킹홀리데이 A to Z,2023.12.04.,이보리
564,https://www.dongguk.edu/article/GENERALNOTICES/detail/26753231,"공지[카운슬링센터] 온라인 심리검사 프로그램 참여 안내 : '나의 대학생활과 학습습관, 어떨까?'",2023.12.04.,이시은
565,https://www.dongguk.edu/article/GENERALNOTICES/detail/26753221,"공지[교수학습혁신센터] 인공지능(AI) 리터러시 워크숍 (총 5개 주제, 주제별 마일리지 지급)",2023.12.01.,나윤주
566,https://www.dongguk.edu/article/GENERALNOTICES/detail/26750451,2023년 여름방학 대학생 교육기부 프로그램 쏙쏙캠프 참여 동아리 모집,2023.05.22.,정미래
567,https://www.dongguk.edu/article/GENERALNOTICES/detail/26750418,[참사람사회공헌센터] 2023 여름학기 사회봉사교과목 수강신청 안내,2023.05.19.,강다현
568,https://www.dongguk.edu/article/GENERALNOTICES/detail/26750409,동국대학교 장학 홍보대사 단체명 공모전,2023.05.18.,김시현
569,https://www.dongguk.edu/article/GENERALNOTICES/detail/26750408,[외교부] 2024-25년 대한민국 유엔 안보리 진출 제2대 청년사절 접수,2023.05.18.,조재휘
570,https://www.dongguk.edu/article/GENERALNOTICES/detail/26750407,2023 어디서든 예술치유 힐링 씨어터,2023.05.18.,조재휘
571,https://www.dongguk.edu/article/GENERALNOTICES/detail/26750406,장수군 대표상징물(CI) 디자인 공모전,2023.05.18.,조재휘
572,https://www.dongguk.edu/article/GENERALNOTICES/detail/26750405,올담 데이터 활용 시각화 경진대회,2023.05.18.,조재휘
573,https://www.dongguk.edu/article/GENERALNOTICES/detail/26750402,그린캠퍼스(게시물 관리) 시행 안내,2023.05.18.,탁상민
574,https://www.dongguk.edu/article/GENERALNOTICES/detail/26750395,[5대 핵심역량 함양 프로그램] 이제호 인권 변호사와 함께하는 문화의 다양성과 존중,2023.05.18.,이보리
575,https://www.dongguk.edu/article/GENERALNOTICES/detail/26750391,2023 날씨 빅데이터 콘테스트,2023.05.17.,조재휘
576,https://www.dongguk.edu/article/GENERALNOTICES/detail/26753258,공지2023학년도 행정부서 동계방학 셧다운 및 집중휴가 안내,2023.12.06.,허선이
577,https://www.dongguk.edu/article/GENERALNOTICES/detail/26753257,공지동국대학교 듀이카 아르바이트 학생 모집,2023.12.06.,홍태균
578,https://www.dongguk.edu/article/GENERALNOTICES/detail/26753253,"공지[DUICA]챗GPT프롬프트 엔지니어 특강 신청 안내(~12/15, 선착순 접수 마감)",2023.12.05.,황지현
579,https://www.dongguk.edu/article/GENERALNOTICES/detail/26753241,공지[5대 핵심역량 함양 프로그램] 워킹홀리데이 A to Z,2023.12.04.,이보리
580,https://www.dongguk.edu/article/GENERALNOTICES/detail/26753231,"공지[카운슬링센터] 온라인 심리검사 프로그램 참여 안내 : '나의 대학생활과 학습습관, 어떨까?'",2023.12.04.,이시은
581,https://www.dongguk.edu/article/GENERALNOTICES/detail/26753221,"공지[교수학습혁신센터] 인공지능(AI) 리터러시 워크숍 (총 5개 주제, 주제별 마일리지 지급)",2023.12.01.,나윤주
582,https://www.dongguk.edu/article/GENERALNOTICES/detail/26750390,기록을 바라보는 여섯 개의 시선,2023.05.17.,조재휘
583,https://www.dongguk.edu/article/GENERALNOTICES/detail/26750389,제3회 해양경찰 데이터 활용 아이디어 공모전,2023.05.17.,조재휘
584,https://www.dongguk.edu/article/GENERALNOTICES/detail/26750388,2023년 청년인생설계학교 2기 참여자 모집,2023.05.17.,조재휘
585,https://www.dongguk.edu/article/GENERALNOTICES/detail/26750387,2023 사이버공격방어대회 참가 안내,2023.05.17.,조재휘
586,https://www.dongguk.edu/article/GENERALNOTICES/detail/26750386,웹툰 창작자 발굴 및 육성을 위한 제2회 모든 웹툰 공모전,2023.05.17.,조재휘
587,https://www.dongguk.edu/article/GENERALNOTICES/detail/26750385,2023년 산림공공 빅데이터 창업경진대회,2023.05.17.,조재휘
588,https://www.dongguk.edu/article/GENERALNOTICES/detail/26750384,제12회 중남미 논문공모전 홍보,2023.05.17.,조재휘
589,https://www.dongguk.edu/article/GENERALNOTICES/detail/26750383,2023년 「경기도 청년 노동자 통장」 참여자 모집 안내,2023.05.17.,조재휘
590,https://www.dongguk.edu/article/GENERALNOTICES/detail/26750368,[5대 핵심역량 함양 프로그램] 오세훈 서울시장의 동국대 특강,2023.05.16.,이보리
591,https://www.dongguk.edu/article/GENERALNOTICES/detail/26750367,금융감독원 제 11기 대학생 금융교육 봉사단 모집,2023.05.16.,정미래
592,https://www.dongguk.edu/article/GENERALNOTICES/detail/26753258,공지2023학년도 행정부서 동계방학 셧다운 및 집중휴가 안내,2023.12.06.,허선이
593,https://www.dongguk.edu/article/GENERALNOTICES/detail/26753257,공지동국대학교 듀이카 아르바이트 학생 모집,2023.12.06.,홍태균
594,https://www.dongguk.edu/article/GENERALNOTICES/detail/26753253,"공지[DUICA]챗GPT프롬프트 엔지니어 특강 신청 안내(~12/15, 선착순 접수 마감)",2023.12.05.,황지현
595,https://www.dongguk.edu/article/GENERALNOTICES/detail/26753241,공지[5대 핵심역량 함양 프로그램] 워킹홀리데이 A to Z,2023.12.04.,이보리
596,https://www.dongguk.edu/article/GENERALNOTICES/detail/26753231,"공지[카운슬링센터] 온라인 심리검사 프로그램 참여 안내 : '나의 대학생활과 학습습관, 어떨까?'",2023.12.04.,이시은
597,https://www.dongguk.edu/article/GENERALNOTICES/detail/26753221,"공지[교수학습혁신센터] 인공지능(AI) 리터러시 워크숍 (총 5개 주제, 주제별 마일리지 지급)",2023.12.01.,나윤주
598,https://www.dongguk.edu/article/GENERALNOTICES/detail/26750364,마약류 이용 성범죄 근절 홍보 콘텐츠 공모전,2023.05.15.,조재휘
599,https://www.dongguk.edu/article/GENERALNOTICES/detail/26750363,2023년 사회정책 아이디어 공모전 개최,2023.05.15.,조재휘
600,https://www.dongguk.edu/article/GENERALNOTICES/detail/26750362,써라운드 성동-누구나 누리는 기술+문화 홍보,2023.05.15.,조재휘
601,https://www.dongguk.edu/article/GENERALNOTICES/detail/26750361,2023 미지맵 콘텐츠 크리에이터 모집,2023.05.15.,조재휘
602,https://www.dongguk.edu/article/GENERALNOTICES/detail/26750358,2023년 통계데이터 활용대회 안내,2023.05.15.,조재휘
603,https://www.dongguk.edu/article/GENERALNOTICES/detail/26750355,2023 전국 대학생 “남북교류협력 창업 아이디어 경진대회” 참가 안내,2023.05.15.,조재휘
604,https://www.dongguk.edu/article/GENERALNOTICES/detail/26750329,[T-Table] COSMAX 현직자 강연에 참여해보자 !!,2023.05.15.,변예림
605,https://www.dongguk.edu/article/GENERALNOTICES/detail/26750323,"[창업교육센터] 스마트스토어 창업실전 프로그램 '나도 N잡러' 수강생 모집 (~6/9, 선착순)",2023.05.15.,공효은
606,https://www.dongguk.edu/article/GENERALNOTICES/detail/26750306,BMC 천원의 아침밥 개시 및 서울캠퍼스 식수 인원 변경 안내,2023.05.12.,조재휘
607,https://www.dongguk.edu/article/GENERALNOTICES/detail/26750304,[정각원] 불기 2567년 하안거 결계신청 및 포살법회 시행 안내,2023.05.11.,구자희
608,https://www.dongguk.edu/article/GENERALNOTICES/detail/26753258,공지2023학년도 행정부서 동계방학 셧다운 및 집중휴가 안내,2023.12.06.,허선이
609,https://www.dongguk.edu/article/GENERALNOTICES/detail/26753257,공지동국대학교 듀이카 아르바이트 학생 모집,2023.12.06.,홍태균
610,https://www.dongguk.edu/article/GENERALNOTICES/detail/26753253,"공지[DUICA]챗GPT프롬프트 엔지니어 특강 신청 안내(~12/15, 선착순 접수 마감)",2023.12.05.,황지현
611,https://www.dongguk.edu/article/GENERALNOTICES/detail/26753241,공지[5대 핵심역량 함양 프로그램] 워킹홀리데이 A to Z,2023.12.04.,이보리
612,https://www.dongguk.edu/article/GENERALNOTICES/detail/26753231,"공지[카운슬링센터] 온라인 심리검사 프로그램 참여 안내 : '나의 대학생활과 학습습관, 어떨까?'",2023.12.04.,이시은
613,https://www.dongguk.edu/article/GENERALNOTICES/detail/26753221,"공지[교수학습혁신센터] 인공지능(AI) 리터러시 워크숍 (총 5개 주제, 주제별 마일리지 지급)",2023.12.01.,나윤주
614,https://www.dongguk.edu/article/GENERALNOTICES/detail/26750301,(접수 조기마감) 5. 25. 또는 31.  예비군 훈련일 변경 희망자 추가 접수,2023.05.11.,김태영
615,https://www.dongguk.edu/article/GENERALNOTICES/detail/26750300,서울시립영등포장애인복지관 전체이용자나들이 자원봉사자 모집,2023.05.11.,정미래
616,https://www.dongguk.edu/article/GENERALNOTICES/detail/26750299,2023년 국립청소년인터넷드림마을 10기 멘토 모집,2023.05.11.,정미래
617,https://www.dongguk.edu/article/GENERALNOTICES/detail/26750286,동국대 알리미 5기 모집,2023.05.10.,관리자
618,https://www.dongguk.edu/article/GENERALNOTICES/detail/26750285,합장Day 선포 및 안내 (매달 11일),2023.05.10.,관리자
619,https://www.dongguk.edu/article/GENERALNOTICES/detail/26750283,여성특화 액셀러레이팅 프로그램 참가기업 모집 안내 (~5/12),2023.05.10.,최정문
620,https://www.dongguk.edu/article/GENERALNOTICES/detail/26750281,"Microsoft 현직자, 학교에 특강하러 직접 방문한다고?",2023.05.10.,변예림
621,https://www.dongguk.edu/article/GENERALNOTICES/detail/26750278,(예비군연대) 제414차 민방위의 날 훈련 변경 지침 안내 (대학 제외),2023.05.10.,김태영
622,https://www.dongguk.edu/article/GENERALNOTICES/detail/26750272,[참사람사회공헌센터] 2023 여름학기 사회봉사교과목 수강신청 안내,2023.05.10.,강다현
623,https://www.dongguk.edu/article/GENERALNOTICES/detail/26750271,[5대 핵심역량 함양 프로그램] 파워포인트 활용 및 SNS 콘텐츠 제작 특강,2023.05.10.,이보리
624,https://www.dongguk.edu/article/GENERALNOTICES/detail/26753258,공지2023학년도 행정부서 동계방학 셧다운 및 집중휴가 안내,2023.12.06.,허선이
625,https://www.dongguk.edu/article/GENERALNOTICES/detail/26753257,공지동국대학교 듀이카 아르바이트 학생 모집,2023.12.06.,홍태균
626,https://www.dongguk.edu/article/GENERALNOTICES/detail/26753253,"공지[DUICA]챗GPT프롬프트 엔지니어 특강 신청 안내(~12/15, 선착순 접수 마감)",2023.12.05.,황지현
627,https://www.dongguk.edu/article/GENERALNOTICES/detail/26753241,공지[5대 핵심역량 함양 프로그램] 워킹홀리데이 A to Z,2023.12.04.,이보리
628,https://www.dongguk.edu/article/GENERALNOTICES/detail/26753231,"공지[카운슬링센터] 온라인 심리검사 프로그램 참여 안내 : '나의 대학생활과 학습습관, 어떨까?'",2023.12.04.,이시은
629,https://www.dongguk.edu/article/GENERALNOTICES/detail/26753221,"공지[교수학습혁신센터] 인공지능(AI) 리터러시 워크숍 (총 5개 주제, 주제별 마일리지 지급)",2023.12.01.,나윤주
630,https://www.dongguk.edu/article/GENERALNOTICES/detail/26750258,2023-후기 각 대학원 전형 일정 안내,2023.05.09.,관리자
631,https://www.dongguk.edu/article/GENERALNOTICES/detail/26750257,[동국대학교 캠퍼스타운] 디지털영상 융복합콘텐츠 전문가 양성(VFX) - 신청자 모집 ~ 23. 06. 09.(금),2023.05.09.,김유신
632,https://www.dongguk.edu/article/GENERALNOTICES/detail/26750246,강서구 꿈드림 검정고시 대비반 학습멘토 모집 안내,2023.05.09.,정미래
633,https://www.dongguk.edu/article/GENERALNOTICES/detail/26750244,[참사람사회공헌센터] 2023 전공연계 및 동아리(소모임) 봉사프로그램 공모전 안내,2023.05.09.,정미래
634,https://www.dongguk.edu/article/GENERALNOTICES/detail/26750226,동국대학교 슬로건 공모전 결과 안내,2023.05.04.,관리자
635,https://www.dongguk.edu/article/GENERALNOTICES/detail/26750223,국제학생증 ISIC 발급비 지원행사 안내(국제학생증 무료 발급),2023.05.04.,박선영
636,https://www.dongguk.edu/article/GENERALNOTICES/detail/26750217,서울시설공단 시민경영참여단 모집공고,2023.05.03.,정미래
637,https://www.dongguk.edu/article/GENERALNOTICES/detail/26750214,유네스코 국제무예센터 2023 제 6기 국제 청소년 무예캠프 진행요원 모집,2023.05.03.,정미래
638,https://www.dongguk.edu/article/GENERALNOTICES/detail/26750209,[5대 핵심역량 함양 프로그램] 나를 브랜딩 하는 법: 쿠팡 브랜드 디렉터가 들려주는 커리어 디자인,2023.05.03.,이보리
639,https://www.dongguk.edu/article/GENERALNOTICES/detail/26750205,LINC3.0 만족도조사 참여하고 모바일 상품권 받자! (~5/10),2023.05.02.,최정문
640,https://www.dongguk.edu/article/GENERALNOTICES/detail/26753258,공지2023학년도 행정부서 동계방학 셧다운 및 집중휴가 안내,2023.12.06.,허선이
641,https://www.dongguk.edu/article/GENERALNOTICES/detail/26753257,공지동국대학교 듀이카 아르바이트 학생 모집,2023.12.06.,홍태균
642,https://www.dongguk.edu/article/GENERALNOTICES/detail/26753253,"공지[DUICA]챗GPT프롬프트 엔지니어 특강 신청 안내(~12/15, 선착순 접수 마감)",2023.12.05.,황지현
643,https://www.dongguk.edu/article/GENERALNOTICES/detail/26753241,공지[5대 핵심역량 함양 프로그램] 워킹홀리데이 A to Z,2023.12.04.,이보리
644,https://www.dongguk.edu/article/GENERALNOTICES/detail/26753231,"공지[카운슬링센터] 온라인 심리검사 프로그램 참여 안내 : '나의 대학생활과 학습습관, 어떨까?'",2023.12.04.,이시은
645,https://www.dongguk.edu/article/GENERALNOTICES/detail/26753221,"공지[교수학습혁신센터] 인공지능(AI) 리터러시 워크숍 (총 5개 주제, 주제별 마일리지 지급)",2023.12.01.,나윤주
646,https://www.dongguk.edu/article/GENERALNOTICES/detail/26750197,[LINC3.0] 산학공동 기술개발과제 모집공고 (~5/15까지),2023.05.02.,김서후
647,https://www.dongguk.edu/article/GENERALNOTICES/detail/26750196,포스코인터내셔널 1:1 학습멘토링 대학생 봉사단 및 홍보단원 모집,2023.05.02.,정미래
648,https://www.dongguk.edu/article/GENERALNOTICES/detail/26750194,[학생역량개발팀] 23년 1학기 1:1 진로상담,2023.05.02.,신윤정
649,https://www.dongguk.edu/article/GENERALNOTICES/detail/26750181,[입학실] 2023년 재학생 모교방문단 모집,2023.05.01.,허민영
650,https://www.dongguk.edu/article/GENERALNOTICES/detail/26750163,"기획자, 자원봉사자, 시각장애인 모두 하나가 되는 삼인사각 프로그램 참여자 모집",2023.04.28.,정미래
651,https://www.dongguk.edu/article/GENERALNOTICES/detail/26750161,동국대학교 개교 117주년 기념 카카오톡 이모티콘 '아코' 배포 안내,2023.04.28.,관리자
652,https://www.dongguk.edu/article/GENERALNOTICES/detail/26750151,[창업교육센터] '선배창업가 특강_대기업 첫 번째 퇴사와 두 번째 퇴사는 뭐가 달랐을까?' 비교과 특강 모집(~5/4(목)),2023.04.28.,공효은
653,https://www.dongguk.edu/article/GENERALNOTICES/detail/26750144,애플 디벨로퍼 아카데미(Apple Developer Academy) 3기 교육생 모집 공고,2023.04.27.,최정문
654,https://www.dongguk.edu/article/GENERALNOTICES/detail/26750126,제63주년 4·19혁명기념 추모식 및 제51회 동국인 등산대회 단체상 선정 결과 안내,2023.04.26.,신병수
655,https://www.dongguk.edu/article/GENERALNOTICES/detail/26750124,동국대 천원의 아침밥 시행! 아코야 아침먹자!,2023.04.26.,조재휘
656,https://www.dongguk.edu/article/GENERALNOTICES/detail/26753258,공지2023학년도 행정부서 동계방학 셧다운 및 집중휴가 안내,2023.12.06.,허선이
657,https://www.dongguk.edu/article/GENERALNOTICES/detail/26753257,공지동국대학교 듀이카 아르바이트 학생 모집,2023.12.06.,홍태균
658,https://www.dongguk.edu/article/GENERALNOTICES/detail/26753253,"공지[DUICA]챗GPT프롬프트 엔지니어 특강 신청 안내(~12/15, 선착순 접수 마감)",2023.12.05.,황지현
659,https://www.dongguk.edu/article/GENERALNOTICES/detail/26753241,공지[5대 핵심역량 함양 프로그램] 워킹홀리데이 A to Z,2023.12.04.,이보리
660,https://www.dongguk.edu/article/GENERALNOTICES/detail/26753231,"공지[카운슬링센터] 온라인 심리검사 프로그램 참여 안내 : '나의 대학생활과 학습습관, 어떨까?'",2023.12.04.,이시은
661,https://www.dongguk.edu/article/GENERALNOTICES/detail/26753221,"공지[교수학습혁신센터] 인공지능(AI) 리터러시 워크숍 (총 5개 주제, 주제별 마일리지 지급)",2023.12.01.,나윤주
662,https://www.dongguk.edu/article/GENERALNOTICES/detail/26750118,제 21회 서울국제걷기대회 행사 진행 자원봉사자 모집,2023.04.26.,정미래
663,https://www.dongguk.edu/article/GENERALNOTICES/detail/26750117,동국대학교 창업기술원 직원 공개모집(5/9(화) 15:00까지),2023.04.26.,김수민
664,https://www.dongguk.edu/article/GENERALNOTICES/detail/26750096,2023년 서울형 청년인턴 직무캠프 참여자 모집(~5/15),2023.04.24.,백보람
665,https://www.dongguk.edu/article/GENERALNOTICES/detail/26750094,[참사람사회공헌센터] 2023 전공연계 및 동아리(소모임) 봉사프로그램 공모전 안내,2023.04.24.,정미래
666,https://www.dongguk.edu/article/GENERALNOTICES/detail/26750093,의정부시청소년수련관 청소년 팝업스토어 기획단 모집,2023.04.24.,정미래
667,https://www.dongguk.edu/article/GENERALNOTICES/detail/26750084,제로서울 청년 프렌즈 2기 참가자 모집,2023.04.24.,조재휘
668,https://www.dongguk.edu/article/GENERALNOTICES/detail/26750083,2023년 1인가구 홍당무 마켓 셀러모집,2023.04.24.,조재휘
669,https://www.dongguk.edu/article/GENERALNOTICES/detail/26750081,2024 강원 동계청소년올림픽대회 자원봉사자 모집,2023.04.24.,정미래
670,https://www.dongguk.edu/article/GENERALNOTICES/detail/26750071,2004년생 청년 대학생 대상 서울청년문화패스 안내,2023.04.21.,조재휘
671,https://www.dongguk.edu/article/GENERALNOTICES/detail/26750070,(예비군연대) 2023년 5월 각 군 현역병  모집계획 안내,2023.04.21.,김태영
672,https://www.dongguk.edu/article/GENERALNOTICES/detail/26753258,공지2023학년도 행정부서 동계방학 셧다운 및 집중휴가 안내,2023.12.06.,허선이
673,https://www.dongguk.edu/article/GENERALNOTICES/detail/26753257,공지동국대학교 듀이카 아르바이트 학생 모집,2023.12.06.,홍태균
674,https://www.dongguk.edu/article/GENERALNOTICES/detail/26753253,"공지[DUICA]챗GPT프롬프트 엔지니어 특강 신청 안내(~12/15, 선착순 접수 마감)",2023.12.05.,황지현
675,https://www.dongguk.edu/article/GENERALNOTICES/detail/26753241,공지[5대 핵심역량 함양 프로그램] 워킹홀리데이 A to Z,2023.12.04.,이보리
676,https://www.dongguk.edu/article/GENERALNOTICES/detail/26753231,"공지[카운슬링센터] 온라인 심리검사 프로그램 참여 안내 : '나의 대학생활과 학습습관, 어떨까?'",2023.12.04.,이시은
677,https://www.dongguk.edu/article/GENERALNOTICES/detail/26753221,"공지[교수학습혁신센터] 인공지능(AI) 리터러시 워크숍 (총 5개 주제, 주제별 마일리지 지급)",2023.12.01.,나윤주
678,https://www.dongguk.edu/article/GENERALNOTICES/detail/26750056,[LINC 3.0] 2023 산학공동 기술개발과제 수요조사 공고(~5/1까지),2023.04.20.,김서후
679,https://www.dongguk.edu/article/GENERALNOTICES/detail/26750046,[5대 핵심역량 함양 프로그램] 나는 마트로 간다! : 30대 대기업 퇴직자의 로컬마트 창업기,2023.04.19.,이보리
680,https://www.dongguk.edu/article/GENERALNOTICES/detail/26750032,건학위원회 출범 2주년 기념식 안내,2023.04.18.,관리자
681,https://www.dongguk.edu/article/GENERALNOTICES/detail/26750030,"동국대학교 다르마교양교육연구소 ""사회문제와 미래의 민주주의 "" 5차 특강 안내!",2023.04.17.,남진숙
682,https://www.dongguk.edu/article/GENERALNOTICES/detail/26750017,[참사람사회공헌센터] 제 21회 서울국제걷기대회 행사진행 자원봉사자 모집,2023.04.17.,정미래
683,https://www.dongguk.edu/article/GENERALNOTICES/detail/26750003,[창업교육센터] '실전 창업에 필요한 우리들의 자세' 비교과 특강 모집(~4/20(목)),2023.04.14.,공효은
684,https://www.dongguk.edu/article/GENERALNOTICES/detail/26749987,[창업진흥센터] 동국대학교 창업기술원(창업진흥센터) 직원 공개모집(~4/20 15시까지),2023.04.13.,김수민
685,https://www.dongguk.edu/article/GENERALNOTICES/detail/26749981,[佛타는 동국人] 끼쟁이 동국인들의 참여를 기다립니다~!,2023.04.12.,조찬미
686,https://www.dongguk.edu/article/GENERALNOTICES/detail/26749971,[학생역량개발팀] '발표의 신으로 만들어드립니다!' 특강,2023.04.11.,이보리
687,https://www.dongguk.edu/article/GENERALNOTICES/detail/26749966,2023 국제공동수업 원격수업도우미 봉사자 모집 공고,2023.04.11.,정미래
688,https://www.dongguk.edu/article/GENERALNOTICES/detail/26753258,공지2023학년도 행정부서 동계방학 셧다운 및 집중휴가 안내,2023.12.06.,허선이
689,https://www.dongguk.edu/article/GENERALNOTICES/detail/26753257,공지동국대학교 듀이카 아르바이트 학생 모집,2023.12.06.,홍태균
690,https://www.dongguk.edu/article/GENERALNOTICES/detail/26753253,"공지[DUICA]챗GPT프롬프트 엔지니어 특강 신청 안내(~12/15, 선착순 접수 마감)",2023.12.05.,황지현
691,https://www.dongguk.edu/article/GENERALNOTICES/detail/26753241,공지[5대 핵심역량 함양 프로그램] 워킹홀리데이 A to Z,2023.12.04.,이보리
692,https://www.dongguk.edu/article/GENERALNOTICES/detail/26753231,"공지[카운슬링센터] 온라인 심리검사 프로그램 참여 안내 : '나의 대학생활과 학습습관, 어떨까?'",2023.12.04.,이시은
693,https://www.dongguk.edu/article/GENERALNOTICES/detail/26753221,"공지[교수학습혁신센터] 인공지능(AI) 리터러시 워크숍 (총 5개 주제, 주제별 마일리지 지급)",2023.12.01.,나윤주
694,https://www.dongguk.edu/article/GENERALNOTICES/detail/26749964,[정각원] 봉축 수계법회 안내(5.10/16시~),2023.04.11.,조찬미
695,https://www.dongguk.edu/article/GENERALNOTICES/detail/26749954,[참사람사회공헌센터] 동국대학교 사랑의 헌혈버스 운영 안내,2023.04.11.,정미래
696,https://www.dongguk.edu/article/GENERALNOTICES/detail/26749953,제63주년 4.19혁명기념 추모식 및 제51회 동국인 등산대회,2023.04.10.,관리자
697,https://www.dongguk.edu/article/GENERALNOTICES/detail/26749949,[참사람사회공헌센터] 2023 봄학기 사회봉사교과목 평가회 안내,2023.04.10.,강다현
698,https://www.dongguk.edu/article/GENERALNOTICES/detail/26749943,"[창업교육센터] '누구나! 동국 캠퍼스 CEO’ 비교과 특강 모집(~4/20(목), 선착순)",2023.04.10.,공효은
699,https://www.dongguk.edu/article/GENERALNOTICES/detail/26749934,[참사람사회공헌센터] 제 14회 생명나눔 걷기명상행사 참여 학생 모집,2023.04.07.,정미래
700,https://www.dongguk.edu/article/GENERALNOTICES/detail/26749931,[정각원] 불기 2567(2023)년 부처님오신날 재학생 소원등표 달기 안내,2023.04.07.,조찬미
701,https://www.dongguk.edu/article/GENERALNOTICES/detail/26749928,"[고시반] 5급(공채)행정, 입법고시 1차 합격자 조사 안내",2023.04.07.,최지윤
702,https://www.dongguk.edu/article/GENERALNOTICES/detail/26749927,「2023년 국가간 청소년교류」 청소년 참가자 및 통역 모집,2023.04.07.,정미래
703,https://www.dongguk.edu/article/GENERALNOTICES/detail/26749914,[경영대학] 교내 근로장학생 모집 안내,2023.04.06.,김보연
704,https://www.dongguk.edu/article/GENERALNOTICES/detail/26753258,공지2023학년도 행정부서 동계방학 셧다운 및 집중휴가 안내,2023.12.06.,허선이
705,https://www.dongguk.edu/article/GENERALNOTICES/detail/26753257,공지동국대학교 듀이카 아르바이트 학생 모집,2023.12.06.,홍태균
706,https://www.dongguk.edu/article/GENERALNOTICES/detail/26753253,"공지[DUICA]챗GPT프롬프트 엔지니어 특강 신청 안내(~12/15, 선착순 접수 마감)",2023.12.05.,황지현
707,https://www.dongguk.edu/article/GENERALNOTICES/detail/26753241,공지[5대 핵심역량 함양 프로그램] 워킹홀리데이 A to Z,2023.12.04.,이보리
708,https://www.dongguk.edu/article/GENERALNOTICES/detail/26753231,"공지[카운슬링센터] 온라인 심리검사 프로그램 참여 안내 : '나의 대학생활과 학습습관, 어떨까?'",2023.12.04.,이시은
709,https://www.dongguk.edu/article/GENERALNOTICES/detail/26753221,"공지[교수학습혁신센터] 인공지능(AI) 리터러시 워크숍 (총 5개 주제, 주제별 마일리지 지급)",2023.12.01.,나윤주
710,https://www.dongguk.edu/article/GENERALNOTICES/detail/26749913,2023년 1학기 캡스톤디자인 설명회 및 과제신청(지원금 사용) 안내[양식포함],2023.04.06.,변예림
711,https://www.dongguk.edu/article/GENERALNOTICES/detail/26749886,2022년 제16회 자랑스러운 동국가족상 접수 안내,2023.04.04.,조인준
712,https://www.dongguk.edu/article/GENERALNOTICES/detail/26749880,2023년 서울캠퍼스 난방운영 중지 안내,2023.04.04.,관리자
713,https://www.dongguk.edu/article/GENERALNOTICES/detail/26749874,(예비군연대) 2023년 학생 예비군 교육훈련 안내,2023.04.03.,김태영
714,https://www.dongguk.edu/article/GENERALNOTICES/detail/26749873,기업 및 공공기관이 함께하는 청년 ESG 기획봉사 참여자 모집,2023.04.03.,정미래
715,https://www.dongguk.edu/article/GENERALNOTICES/detail/26749870,[교수학습혁신센터] 학습역량진단 서비스 이용 안내 (참여 마일리지 지급),2023.04.03.,나윤주
716,https://www.dongguk.edu/article/GENERALNOTICES/detail/26749863,양천구 자원봉사센터 대학생 서포터즈 모집,2023.04.03.,정미래
717,https://www.dongguk.edu/article/GENERALNOTICES/detail/26749839,2023학년도 1학기 신규 학생증 발급 재개 안내(2023.04.03~2023.06.14),2023.03.31.,박선영
718,https://www.dongguk.edu/article/GENERALNOTICES/detail/26749836,"2023 옥수종합사회복지관 25주년 개관기념 행사 「함께 이어(25) 봄, 함께 걸어 봄」 대학생 자원봉사자 모집",2023.03.31.,정미래
719,https://www.dongguk.edu/article/GENERALNOTICES/detail/26749827,[법과대학 고시반] 2023-1학기 공인노무사 실무자 및 합격자 설명회,2023.03.29.,엄보영
720,https://www.dongguk.edu/article/GENERALNOTICES/detail/26753258,공지2023학년도 행정부서 동계방학 셧다운 및 집중휴가 안내,2023.12.06.,허선이
721,https://www.dongguk.edu/article/GENERALNOTICES/detail/26753257,공지동국대학교 듀이카 아르바이트 학생 모집,2023.12.06.,홍태균
722,https://www.dongguk.edu/article/GENERALNOTICES/detail/26753253,"공지[DUICA]챗GPT프롬프트 엔지니어 특강 신청 안내(~12/15, 선착순 접수 마감)",2023.12.05.,황지현
723,https://www.dongguk.edu/article/GENERALNOTICES/detail/26753241,공지[5대 핵심역량 함양 프로그램] 워킹홀리데이 A to Z,2023.12.04.,이보리
724,https://www.dongguk.edu/article/GENERALNOTICES/detail/26753231,"공지[카운슬링센터] 온라인 심리검사 프로그램 참여 안내 : '나의 대학생활과 학습습관, 어떨까?'",2023.12.04.,이시은
725,https://www.dongguk.edu/article/GENERALNOTICES/detail/26753221,"공지[교수학습혁신센터] 인공지능(AI) 리터러시 워크숍 (총 5개 주제, 주제별 마일리지 지급)",2023.12.01.,나윤주
726,https://www.dongguk.edu/article/GENERALNOTICES/detail/26749826,"2023년 국립청소년인터넷드림마을 7,8기 멘토 모집",2023.03.29.,정미래
727,https://www.dongguk.edu/article/GENERALNOTICES/detail/26749819,(예비군연대) 2023년 4월 각 군 현역병  모집계획 안내,2023.03.29.,김태영
728,https://www.dongguk.edu/article/GENERALNOTICES/detail/26749817,[정각원] 불기2567(2023) 부처님오신날 봉축 연등 접수 안내,2023.03.29.,조찬미
729,https://www.dongguk.edu/article/GENERALNOTICES/detail/26749788,홍보대사 동감18기 합격자 발표,2023.03.24.,김연구
730,https://www.dongguk.edu/article/GENERALNOTICES/detail/26749780,DGU-WIFI 무선네트워크 개선 계획 안내(2023-3월),2023.03.24.,관리자
731,https://www.dongguk.edu/article/GENERALNOTICES/detail/26749777,장충고등학교 학습지원튜터 선발안내,2023.03.24.,정미래
732,https://www.dongguk.edu/article/GENERALNOTICES/detail/26749772,[창업교육센터] 2023 창업동아리 1차 최종 선발 결과 안내,2023.03.23.,공효은
733,https://www.dongguk.edu/article/GENERALNOTICES/detail/26749767,1·3세대 통합프로그램 '동화' 참여 자원봉사자 모집,2023.03.23.,정미래
734,https://www.dongguk.edu/article/GENERALNOTICES/detail/26749757,[역량개발센터] 제17기 동국 108리더스 합격자 발표,2023.03.21.,조재휘
735,https://www.dongguk.edu/article/GENERALNOTICES/detail/26749750,동국대학교 슬로건 공모전 안내 (접수마감),2023.03.21.,관리자
736,https://www.dongguk.edu/article/GENERALNOTICES/detail/26753258,공지2023학년도 행정부서 동계방학 셧다운 및 집중휴가 안내,2023.12.06.,허선이
737,https://www.dongguk.edu/article/GENERALNOTICES/detail/26753257,공지동국대학교 듀이카 아르바이트 학생 모집,2023.12.06.,홍태균
738,https://www.dongguk.edu/article/GENERALNOTICES/detail/26753253,"공지[DUICA]챗GPT프롬프트 엔지니어 특강 신청 안내(~12/15, 선착순 접수 마감)",2023.12.05.,황지현
739,https://www.dongguk.edu/article/GENERALNOTICES/detail/26753241,공지[5대 핵심역량 함양 프로그램] 워킹홀리데이 A to Z,2023.12.04.,이보리
740,https://www.dongguk.edu/article/GENERALNOTICES/detail/26753231,"공지[카운슬링센터] 온라인 심리검사 프로그램 참여 안내 : '나의 대학생활과 학습습관, 어떨까?'",2023.12.04.,이시은
741,https://www.dongguk.edu/article/GENERALNOTICES/detail/26753221,"공지[교수학습혁신센터] 인공지능(AI) 리터러시 워크숍 (총 5개 주제, 주제별 마일리지 지급)",2023.12.01.,나윤주
742,https://www.dongguk.edu/article/GENERALNOTICES/detail/26749745,[에릭슨엘지] Girls in ICT 2023 해커톤 공모전 개최,2023.03.21.,변예림
743,https://www.dongguk.edu/article/GENERALNOTICES/detail/26749743,[K학술확산연구소] 2023년 K-MOOC 한국불교 강좌 수강생 모집,2023.03.21.,김은영
744,https://www.dongguk.edu/article/GENERALNOTICES/detail/26749714,2023년 1학기 대학생 교육기부 '함성소리' 동아리 모집 안내,2023.03.17.,정미래
745,https://www.dongguk.edu/article/GENERALNOTICES/detail/26749703,2023년 상반기 동대문구 학습멘토링 대학생 멘토 모집,2023.03.17.,정미래
746,https://www.dongguk.edu/article/GENERALNOTICES/detail/26749697,[창업교육센터] 싱가포르 “리콴유 글로벌 창업경진대회” 참여팀 모집(~3/21(화)까지),2023.03.16.,공효은
747,https://www.dongguk.edu/article/GENERALNOTICES/detail/26749690,[교수학습개발센터] U&I 학습 유형 검사 지원,2023.03.16.,나윤주
748,https://www.dongguk.edu/article/GENERALNOTICES/detail/26749689,인천광역시 Trend 2023 창업세미나,2023.03.16.,허현식
749,https://www.dongguk.edu/article/GENERALNOTICES/detail/26749683,[역량개발센터] 제17기 동국 108리더스 면접대상자 및 면접시간 안내(3월 17일 대상),2023.03.15.,조재휘
750,https://www.dongguk.edu/article/GENERALNOTICES/detail/26749679,[입학처] 학생부전형알리미 Dreamer 12기 모집 안내[추가],2023.03.15.,김소윤
751,https://www.dongguk.edu/article/GENERALNOTICES/detail/26749674,[역량개발센터] 제17기 동국 108리더스 면접대상자 및 면접시간 안내(3월 16일 대상),2023.03.14.,조재휘
